title,price_in_file1,price_in_file2
ASUS G752VS Core-i7 6th Gen 16 GB RAM 512 GB SSD 960 2GB Graphics Card 17.3″ Display,93722,90000
ASUS K535V-SX126V  Intel® Core™ i5 -2410M 2nd Gen 4GB RAM 500GB HDD NVIDIA® GeForce® GT 540M 1GB Graphics Card 15.6″ Display,22679,19999
ASUS X55X1 Intel N2851 Celeron 4GB RAM 128GB SSD 15.6″ Display,22457,19999
Acer Aspire V5-471G Intel® Core™ i5 3rd Gen -3337U 8GB RAM 500 GB HDD NVIDIA® GeForce® 710M 2GB Graphics Card Touch 14″ Display,30937,24999
Acer Nitro 5 AN515-51 Core-i5-7th Gen 7300HQ 16 GB RAM 256 GB SSD NVIDIA GeForce GTX 1050 4 GB CARD 15.6″ Display,113406,109999
Acer TravelMate P278 Core-i5-6th Gen 8 GB RAM 256 GB SSD 17.3″ Display,50518,45000
Acer aspire 5733 Core-i3-1st Gen 4GB RAM 250GB HDD 15.6″ Display,19022,12999
Acer q5wph Aspire Intel Pentium 4 GB RAM 500 GB HDD 15.6″ Display,21111,15000
"Apple MacBook Air (M2, 2022) 8GB RAM 256GB SSD 13.6″ Display",204379,200000
Apple MacBook Air CTO Z18U000T5 M2 8-Core Chip (2023) 16GB RAM 1TB SSD 15″ IPS Retina Display 10-Core GPU Touch ID Midnight (1 Year International Warranty),461801,455000
Apple MacBook Air MC7U4 M2 8-Core Chip 16GB RAM 256GB SSD 13.6″ Liquid Retina Display M2 8-Core GPU Touch ID Space Gray (1Year International Warranty),271334,265000
Apple MacBook Air MC8J4 M3 8-Core Chip 16GB RAM 256GB SSD 13.6″ Liquid Retina IPS LED Display 8-Core GPU StarLight  (1 Year International Warranty),307658,302000
Apple MacBook Air MC8K4 M3 8-Core Chip 16GB RAM 256GB SSD 13.6″ Liquid Retina IPS LED Display 8-Core GPU Midnight (1 Year International Warranty) (On Order),310699,303000
Apple MacBook Air MC9D4 M3 8-Core Chip 16GB RAM 256GB SSD 15.3″ Liquid Retina Display 10-Core GPU Touch ID Space Gray (1 Year International Warranty),374915,368000
Apple MacBook Air MGN63 M1 8-Core Chip 8GB RAM 256GB SSD 13.3″ Liquid Retina IPS LED Display 7-Core GPU Touch ID Space grey  (1 Year International Warranty),211447,205000
Apple MacBook Air MLY13 M2 8-Core Chip 8GB RAM 256GB SSD 13.6″ Liquid Retina IPS LED Display 8-Core GPU Touch ID Starlight (1 Year International Warranty) (On Order),248785,245000
Apple MacBook Air MRXV3 M3 8-Core Chip 8GB RAM 256GB SSD 13.6″ Liquid Retina IPS LED Display 8-Core GPU Touch ID  Midnight  (1 Year International Warranty) (On Order),282652,278000
Apple MacBook Air MRXW3 M3 8-Core Chip 8GB RAM 512GB SSD 13.6″ Liquid Retina Display 10-Core GPU Touch ID  Midnight  (1 Year International Warranty) (On Order),351159,345000
Apple MacBook Air MXCT3 M3 8-Core Chip 16GB RAM 512GB SSD 13.6″ Liquid Retina Display 10-Core GPU Touch ID Silver (1 Year International Warranty) (On Order),395942,388000
Apple MacBook Air MXD43 M3 8-Core Chip 16GB RAM 512GB SSD 15.3″ Liquid Retina display 10-Core GPU Midnight (1 Year International Warranty),435235,433000
Apple MacBook Pro 2016 Core-i7 16GB RAM 500GB SSD 13″ Display Space Gray,123985,119999
Apple MacBook Pro 2017 Core-i7 16GB RAM 500GB SSD Radeon Pro 560 4GB Graphics Card 16″ Display,236353,229999
Apple MacBook Pro 2019 Core-i7 16 GB RAM 512 GB SSD 4 GB CARD Radeon Pro 560X 15″ Display,233715,230000
Apple MacBook Pro 2019 Core-i7 16 GB RAM 512 GB SSD 4 GB Radeon Pro 555X 15″ Display,227974,220000
Apple MacBook Pro A2141 2019 Core-i9 16 GB RAM 1TB SSD Radeon Pro Vega 16 4GB Card 16″ Display,237116,229999
Apple MacBook Pro A2251 2020 Core-i5 16 GB RAM 500 GB HDD 13.3″ Display,182863,180000
Apple MacBook Pro MPHG3 M2 Max 12-Core Chip (2023) 32GB RAM 1TB SSD 14″ Liquid Retina XDR Display 30-Core GPU Touch ID Space Gray (1 Year International Warranty),772384,770000
Apple MacBook Pro MX2J3 M4 Pro 14-Core Chip 24GB RAM 1TB SSD 14″ Liquid Retina XDR display 20-Core GPU Space Black (1 Year International Warranty) (On Order),685846,679000
Apple Macbook Pro 2012 Core-i7 16GB RAM 240GB SSD 13.3″ Silver Color Display Mid,54599,50000
Asus FX73V Core-i7 7th Gen 16 GB RAM 512 GB SSD 1050 4GB Graphics Card 17.3″ Display,109049,105000
Asus Q551LB Core-i7-5th Gen 8 GB RAM 256 GB SSD 2 GB Nvidia GTX 940M Graphics Card Touchscreen x360 15.6″ Display,45416,40000
Asus ROG GL552VW-FI485T Core-i7-6th GEN 16 GB RAM 256 GB SSD 2 GB Card GEFORCE GTX 960M 15.6″ Display,88557,85000
Asus UX330UA  Core-i5-7th Gen 8 GB RAM 256 GB SSD 13.3″ Display,56923,50000
Asus Zenbook Flip S X360 Core-i7-8th Gen 16 GB RAM 512 GB SSD Touch 13.3″ Display,88003,85000
Brand New! ASUS TUF Gaming A16 FA608WV-RL055W AMD Ryzen AI 9 HX370 32GB RAM DDR5 1TB Nvme M.2 Nvidia GeForce RTX 4060 8GB Graphics Card 16.0″ Display RGB B/L KB WIN 11 GREY (2 Year International Warranty),540234,533000
Brand New! ASUS TUF Gaming F17 FX707VU-HX175 Intel Core-i7-13620H 13th Gen 16GB RAM DDR5 512GB SSD Nvme M.2 Nvidia GeForce RTX 4050 8GB Graphics Card 17.3″ Display RGB B/L KB DOS GREY (2 Year Official Warranty),334999,327000
Brand New! Acer Nitro V 15 ANV15-51-95FB Gaming Laptop Core-i9-13th Gen 13900H 16GB RAM DDR5 512GB SSD NVIDIA RTX 4060 8GB Graphic Card 15.6″ FHD IPS 144Hz  Win 11 (1 Year Official Card Warranty) ( Limited Stock),329272,324999
"Brand New! Acer Predator Helios 16 PH16-72-97T1 Gaming Laptop Core-i9-14th Gen 14900HX 32GB RAM DDR5 1TB SSD NVIDIA RTX 4080 12GB Graphics Card 16″ WQXGA IPS 240Hz, Win 11 (2 Year Official Warranty) ( On Order)",717182,710000
Brand New! Acer Predator Helios Neo 14 PHN14-51-97X1 Gaming Laptop Ultra-9-185H 32GB RAM DDR5 1TB SSD NVIDIA RTX 4060 8GB Graphics Card 14.5″ WQXGA+ IPS 165Hz  Win 11 (2 Year Official Warranty),429700,425000
"Brand New! Acer Predator Triton Neo 16 PTN16-51-96GK Gaming Laptop Ultra 9-185H, 32GB RAM DDR5 1TB SSD NVIDIA RTX 4060 8GB Graphics Card 16″ WQXGA IPS 240Hz, Win 11 (2 Year Official Warranty)",449016,445000
Brand New! DELL Vostro 3520 Core-i5-12th Gen 4GB RAM 256GB SSD 15.6″ Display (1 year International Warranty),122950,120900
Brand New! Dell Inspiron 14 7440 2-in-1 Laptop Intel Core 7-150U 16GB RAM DDR5 1TB SSD Fingerprint Reader Backlit KB Windows 11 14″ FHD Touchscreen Ice Blue (1 Year International Warranty),229521,222000
Brand New! Dell Inspiron 15 3520 Laptop Intel Core i5-12th Gen 8GB 512GB SSD 15.6″ FHD Display (1 Year International Warranty),137190,132000
Brand New! Dell Inspiron 7430 2 in 1 Core-i5-13th Gen 8GB RAM 512GB SSD Touchscreen X360 14.0″ Display (1 year International Warranty),235679,232900
Brand New! Dell Latitude 5340 Core-i5-13th Gen 134U 16GB RAM 256GB SSD Touchscreen 13.0″ Display(BOX PACK WITH 1 YEAR INTERNATIONAL WARRANTY),202622,195000
Brand New! HP 15-DY5885wm Intel Core-i5 12th Gen 8GB RAM 256GB SSD 15.6″ FHD LED Display (1 year International Warranty),128276,122000
"Brand New! HP 15-FD0182WM Intel® Core™ i7-1355U 13th Gen 16GB Ram DDR4, 1TB SSD NVMe Intel® Iris® Xᵉ Graphics Backlit KB, Finger Reader, Windows 11 15.6″ FHD Display (1 Year International Warranty)",189829,187000
"Brand New! HP 15-FD0229NIA Intel® Core™ i7-1355U 13th Gen 8GB Ram DDR4, 512GB SSD NVMe Intel® Iris® Xᵉ Graphics DOS 15.6″ FHD Display",174962,169900
Brand New! HP 15-FD0371NIA Intel Core-i7-1355U 13th-Gen 8GB RAM 512GB SSD 15.6″FHD  DOS (1 Year International Warranty),187390,180000
Brand New! HP 250 G9 Core-i7-12th Gen 8GB RAM 512GB SSD 15.6″ Display (1 year International Warranty),186696,179000
"Brand New! HP ENVY 14-FA0090AU x360 AMD Ryzen™ 7 8840HS 16GB LPDDR5 512GB SSD 14″ Diagonal, 2K Touchscreen Display Window 11 Glacier Silver (1 Year Local Warranty)",276180,274000
Brand New! HP EliteBook 640 G10 Intel  Core-i7-1355U 13th-Gen 16GB RAM 1TB SSD FPR BL/KB DOS 14″FHD Display (1Year International Warranty),244270,240500
Brand New! HP EliteBook 640 G10 Intel Core- i5-1355U 13th-Gen 8GB RAM 512GB SSD FPR BL/KB DOS 14″FHD Display (1Year International Warranty),202010,195000
Brand New! HP Envy X360 14-ES1013DX Intel Core TM5 120U 8GB RAM 512GB SSD Touchscreen 14″ Display (International Warranty),166799,161500
"Brand New! HP Envy X360 2-in-1 14-FC0023DX Laptop Intel Core Ultra 7 155U 16GB RAM 1TB SSD 14″ WUXGA IPS Touch Screen, Windows 11 Home, ENGLISH KEYBOARD METEOR SILVER (1 Year International Warranty)",241486,233500
Brand New! HP Omen 16-WF0083DX Gaming Laptop Core-i9-13th Gen 13900HX 16GB RAM 1TB SSD NVIDIA RTX 4060 8GB Graphics Card 16.1″FHD 165Hz W11 BLK (1 Year International Warranty) ( On Order),387655,385000
Brand New! HP Pavilion x360 2-in-1 Laptop 14-EK0073DX Core-i5-12th Gen 8 GB RAM 512 GB SSD Touchscreen 14″ Display (1 year International Warranty),185247,180000
"Brand New! HP ProBook 440 G11 Intel® Core™ Ultra 5 Processor 125U 8GB DDR5 Ram, 512GB SSD NVMe Backlit Keyboard 14″ WUXGA IPS Display (1 Year International Warranty)",199477,193999
"Brand New! HP ProBook 460 G11 Intel® Core™ Ultra 7 155U 16GB Ram DDR5, 512GB SSD NVMe Intel® Graphics Finger Reader, Free DOS 16.1″ WUXGA  IPS Display",231606,225000
"Brand New! HP Spectre X360 2 in 1 14-EU0085TU Intel Core Ultra 7 155H 16GB DDR5 1TB SSD 14″ Diagonal, 3K OLED Touchscreen Display Window Blue Slate Blue (1 Year Local Card Warranty)",450775,443000
Brand New! HP Spectre x360 F2013DX Intel Core-i7-13700H 13th-Gen 16GB RAM 512GB SSD 16” 3K+IPS Touch Screen Display  W11 PEN (1 Year International Warranty),330565,324999
"Brand New! HP VICTUS 15-fa1163dx Intel® Core™ i7-12650H 12th Gen 16GB Ram DDR4, 512GB SSD NVMe NVIDIA® GeForce RTX™ 4050 6GB GDDR6 Graphics Card Backlit KB Windows 11 15.6″ FHD Display (1 Year International Warranty)",276836,269900
Brand New! Lenovo IdeaPad 3 14ITL05 Core i3-1115G4 2.00GHz 8GB RAM DDR4 256GB SSD M.2 NVMe 14″ Inch FHD Display Windows 11 Home in S Mode (1 year International Warranty),98765,96500
Brand New! Lenovo Ideapad 1 Core i3 12th Gen 8GB RAM 256GB SSD 15.6″ Display (1 year International Warranty),115977,112000
Brand New! Lenovo LOQ 15 15ARP9 Gaming Laptop AMD Ryzen 7 7435HS 16GB RAM 512GB SSD NVIDIA RTX 4050 8GB Graphics Card 15.6″FHD Display Window 11 LUNA GREY (1 Year International Warranty),271565,269000
Brand New! Lenovo ThinkPad E16 Gen 1 Core i7-1355U 8GB ram 512GB SSD  Intel Iris Xe Graphics 16″ screen display ( 1 Year International Warranty ),249081,242000
Brand New! Lenovo ThinkPad E16 Gen 2 Intel Core Ultra 5-125U 8GB RAM 512GB SSD 16″ WUXGA BL/KB (1 Year International Warranty),230501,225000
DELL Inspiron 5437 Core-i7 4th Gen 8GB RAM 256GB SSD Touch Screen 14″ Display,35837,30000
DELL Latitude 3350 Core-i5-5th Gen 8GB RAM 256GB SSD 13.3″ Display,37673,32000
DELL Latitude 5491 Core-i7-8th Gen 8GB RAM 256GB SSD Nvidia GeForce MX130 2GB Graphics Card 14″ Display,77285,75000
DELL Latitude E5520 Core-i5-2nd Gen 4GB RAM 320GB HDD 15.6″ Display,25319,20000
DELL Latitude E5530 Intel® Core™ i3-3rd Gen 4GB RAM 320GB HDD 15.6″ Display,27138,23000
DELL Precision M4700 Core-i5-3rd Gen 8GB RAM 256GB SSD AMD FirePro M4000 1GB Graphics Card 15.6″ Display,34988,30000
Dell  Latitude 3300 Core-i5-8th Gen 8GB RAM 256GB SSD Touchscreen 13.3″ Display,51822,45000
Dell 3180 ChromeBook 2GB Ram 16GB SSD 11″ Display,9595,6000
"Dell Alienware M16 R2 Ultra 7 155H 16 Core Processor METEOR LAKE 16GB Ram DDR5 1TB SSD 8 GB NVIDIA GeForce RTX4070 GDDR6 16″ QHD 240Hz NVIDIA G-Sync Display Stereo Speakers AlienFX RGB Backlit KB W11 Home (Dark Metallic Moon,New)",498066,495000
Dell G15-5515 Gaming Laptop AMD Ryzen5-5600H 16 GB RAM 512 GB SSD Nvidia RTX 3050 (4Gb Gddr6) 15.6″ Display,161707,155000
Dell Inspiron 15 3593 Core-i5-10th Gen 12 GB RAM 256 GB SSD 15.6″ Display,100599,95000
Dell Inspiron 15 7000 Gaming Laptop PC P65F CORE i5 7th Gen 16 GB RAM 512 GB SSD 1050ti 4GB Graphics Card 15.5″ Display,125913,120000
Dell Inspiron 17 7706 2-in-1 Laptop Core-i7-11th Gen 16GB RAM 512GB SSD NVIDIA® GeForce® MX350 Graphics Card 17″ Display,139590,135000
Dell Inspiron 3452 Pantium N3700 4GB RAM 128GB SSD 14″ Display,26996,19999
Dell Inspiron 3511 Core-i3-11th Gen 16GB RAM 256GB SSD 15.6″ Display,67775,65000
Dell Inspiron 3511 Core-i5-11th Gen 16GB RAM 256GB SSD 15.6″ Display,107489,100000
Dell Inspiron 3520 Core-i3-11th Gen 16GB RAM 256GB SSD 15.6″ Display,67722,64999
Dell Inspiron 3576 Core-i5 8th Gen 8GB RAM 256GB SSD 15.6″ Display,58774,55000
Dell Inspiron 3590 Core-i5-10th Gen 12 GB RAM 256 GB SSD 15.6″ Display,97913,95000
Dell Inspiron 5559 Core-i7-6th Gen 16GB RAM 256GB SSD AMD Radeon R5 M335 4GB Graphics Card 15.6″ Display,66941,60000
Dell Inspiron 5566 Core-i5-7th Gen 8GB RAM 256GB SSD 15.6″ Display,50201,47999
Dell Inspiron 5593 Core-i5-10th Gen 8GB RAM 256GB SSD 15.6″ Display,73334,70000
Dell Inspiron 5748 Core-i7-4th Gen 8GB RAM 256GB SSD 17.3″ Display,40521,35000
Dell Inspiron 7373 Intel Core-i7-8th Gen 8GB RAM 256GB SSD Touch X360 13.3″ Display,70682,65000
Dell Inspiron P75F Core-i5 8th Gen 16 GB RAM 512 GB SSD 1050 Nvidia Quadro 4 GB Graphics Card 15.6″ Display,122188,115000
Dell Latitude  5511 Core-i7-10th Gen 32GB RAM 1TB SSD Nvidia GeForce MX250 2GB Graphics Card 15.6″ Display,152770,150000
Dell Latitude 13 3390 Core-i5 8th Gen 8GB RAM 256GB SSD 2 in 1 13″ Display,62625,54999
Dell Latitude 15 3540 Raptor Lake Core-i5-13th Gen 16 GB RAM 256 GB SSD Intel UHD Graphics 15.6″ Full HD 1080p 60Hz 250nits AG Display Backlit KB FP Reader (BOX PACK),197388,192000
Dell Latitude 3189 Pentium 6th N4200 4 GB RAM 128 GB SSD 11.6″ Touchscreen x360 Display,23803,21000
Dell Latitude 3301 Core-i3-8th Gen 4GB RAM 128GB SSD 13.3″ Display,38746,35000
Dell Latitude 3310 Core-i5-8th Gen 8GB RAM 256GB SSD 13.3″ Display,47822,39999
Dell Latitude 3410 Core-i5-10th 8 GB RAM 256 GB SSD 14″ Display,67851,60000
Dell Latitude 3420 Core-i5-11th Gen 8 GB RAM 256 GB SSD 14″ Display,87304,80000
Dell Latitude 3450 Core-i3-5th Gen 4GB RAM 128GB SSD 14″ Display,28428,25999
Dell Latitude 3480 Core-i5 7th Gen 8GB RAM 256GB SSD 14″ Display,48270,42000
Dell Latitude 3490 Core-i3-6th Gen 8GB RAM 256GB SSD 14″ Display,35889,32000
Dell Latitude 3490 Core-i5-7th Gen 8GB RAM 256GB SSD 14″ Display,42678,39000
Dell Latitude 3490 Core-i5-8th Gen 8 GB RAM 256 GB SSD 14″ Display,47356,44999
Dell Latitude 3490 Core-i7-8th Gen 8 GB RAM 256 GB SSD 14″ Display,54688,50000
Dell Latitude 3510 Core-i5-10th Gen 8GB RAM 256GB SSD 15.6″ Display,81869,74999
Dell Latitude 3520 Core-i5-11th Gen 16 GB RAM 256 GB SSD 15.6″ Display,111818,105000
Dell Latitude 3550 Core-i5-5th Gen 8GB RAM 256GB SSD 15.6″ Display,42696,35999
Dell Latitude 3570 Core-i5-6th Gen 8GB RAM 256GB SSD 15.6″ Display,45450,39999
Dell Latitude 3590 Core-i3 7th Gen 8GB RAM 256GB SSD 15.6″ Display,43349,40000
Dell Latitude 3590 Core-i3-6th Gen 8GB RAM 256GB SSD 15.6″ Display,40756,34999
Dell Latitude 3590 Intel® Celeron 8GB RAM 256GB SSD 15.6″ Display,32016,25000
Dell Latitude 5280 Core-i5-7th Gen 8 GB RAM 256 GB SSD 12.5″ Display,47248,40000
Dell Latitude 5285 Core-i5 7th Gen 8 GB RAM 256 GB SSD Touch Screen 12.3″ Display,49187,45000
Dell Latitude 5289 2-in-1 Core-i5 7th Gen 8 GB RAM 256 GB SSD Touchscreen 12.5″ Display,39694,34999
Dell Latitude 5290 2 in 1  Core-i7-8th Gen 8 GB RAM 256 GB SSD Detachable 12.3″ Display,65050,59999
Dell Latitude 5300 2-in-1 Core-i7-8th Gen 8GB RAM 256GB SSD  x360 13.3″ Display,68684,61999
Dell Latitude 5310 Core-i5-10th Gen 8GB RAM 256GB SSD 13.3″ Display,70015,65000
Dell Latitude 5310 Core-i7-10th Gen 8 GB RAM 256 GB SSD 13.3″ Display,78975,75000
Dell Latitude 5401 Core-i7-9th Gen 16 GB RAM 256 GB SSD NVIDIA GeForce MX150 2GB Card 14″ Display,92978,90000
Dell Latitude 5410 Core-i5 10th Gen 8GB RAM 256GB SSD 14″ Display,67016,59999
Dell Latitude 5410 Core-i7 10th Gen 16GB RAM 256GB SSD 14″ Display,90013,84999
Dell Latitude 5430 Core-i7 12th Gen 16GB RAM 256GB SSD 14″ Display,134605,130000
Dell Latitude 5440 Core-i3 4th 8GB RAM 256GB SSD 14″ Display,28623,26000
Dell Latitude 5440 Core-i5-4th Gen 8 GB RAM 256 GB SSD 14″ Display,34105,30000
Dell Latitude 5450 Core-i5-5th Gen 8GB RAM 256GB SSD Nvidia GeForce 830m 2GB Graphics Card 14″ Display,44342,38000
Dell Latitude 5450 Core-i7-5th Gen 8 GB RAM 256 GB SSD 2GB  GEFORCE GRAPHICS CARD 840M 14″ Display,51974,45000
Dell Latitude 5470 Core-i7-6th Gen 8 GB RAM 256 GB SSD 14″ Display,50148,45000
Dell Latitude 5480 Core-i5-7th Gen 8 GB RAM 256 GB SSD 14″ Display,46767,42000
Dell Latitude 5480 Core-i7-7th Gen 8GB RAM 256GB SSD 14″ Display,52282,47000
Dell Latitude 5490 Core-i5-8th Gen 8 GB RAM 256 GB SSD 14″ Display,52471,50000
Dell Latitude 5490 Core-i5-8th Gen 8GB RAM 256GB SSD NVIDIA GeForce MX130 2GB Graphics Card 14″ Display,57628,54999
Dell Latitude 5490 Core-i7 8th Gen 8 GB RAM 256 GB SSD 14″ Display,65523,58000
Dell Latitude 5500 Core-i7-8th Gen 8 GB RAM 256 GB SSD 15.6″ Display,70935,65000
Dell Latitude 5511 Core-i7-10th Gen 8GB RAM 256GB SSD 15.6″ Display,107493,105000
Dell Latitude 5520 Core-i5 11th Gen 16GB RAM 256GB SSD 15.6″ Display,116234,109999
Dell Latitude 6420 Core-i5-2nd Gen 4GB RAM 250GB HDD 14.1″ Display,21391,16999
Dell Latitude 6430 Core-i5-3rd Gen 4 GB RAM 320 GB HDD 14″ Display,26349,22000
Dell Latitude 6440 Core-i7-4th Gen 8 GB RAM 256 GB SSD 14″ Display,43507,38000
Dell Latitude 6540 Core-i5-4th Gen 8 GB RAM 256 GB SSD AMD RADEON HD 8790M 2GB CARD 15.6″ Display,42757,34999
Dell Latitude 7240 Core-i5-4th Gen 4GB RAM 128GB SSD 12.5″ Display,32008,24999
Dell Latitude 7250 Core-i7-5th Gen 8 GB RAM 256 GB SSD 12.5″ Display,38094,32999
Dell Latitude 7280 Core-i7-7th Gen 8 GB RAM 256 GB SSD 12.5″ Display,47035,39999
Dell Latitude 7290 Core-i5-7th Gen 8GB RAM 256GB SSD 12.5″ Display,38974,32000
Dell Latitude 7300 Core-i5-8th Gen 8 GB RAM 256 GB SSD 13.3″Display,47080,45000
Dell Latitude 7370 Core-M5 6th Gen 16GB RAM 256GB SSD Touchscreen QHD PLUS 13.3″ Display,66801,60000
Dell Latitude 7400 Core-i5-8th Gen 8 GB RAM 256 GB SSD 14″ Display,60006,53000
Dell Latitude 7400 Core-i7-8th Gen 8 GB RAM 256 GB SSD 14″ Display,60700,57999
Dell Latitude 7410 2-in-1 Core-i7-10th Gen 16GB RAM 256GB SSD Touchscreen 14″ Display,100000,95000
Dell Latitude 7420 Core-i5-11th Gen 16 GB RAM 256 GB SSD 14″ Display,102228,94999
Dell Latitude 7440 Core-i7-4th Gen 8GB RAM 256GB SSD 14″ Display,37433,35000
Dell Latitude 7450 Core-i5 5th Gen 4GB RAM 500GB HDD 14″ Display,34831,27999
Dell Latitude 7480 Core-i5-6th Gen 8 GB RAM 256 GB SSD 14″ Display,46593,40000
Dell Latitude 7480 Core-i7 6th Gen 8GB RAM 256GB SSD  14″ Display,50432,43999
Dell Latitude 7490 Core-i7-8th Gen 8 GB RAM 256 GB SSD 14″ Display,67535,60000
Dell Latitude E5270 Core-i5-6th Gen 8GB RAM 256GB SSD 12.5″ Display,34248,30000
Dell Latitude E6320 Core-i3-2nd Gen 4GB RAM 250 GB HDD 13.1″ Display,15987,12999
Dell Latitude E6540 Core-i7-4th Gen 8GB RAM 256GB SSD AMD Radeon HD 8770M 2GB Graphics Card 15.6″ Display,43920,40000
Dell Precision 3470 Core-i5-12th Gen 16 GB RAM 512 GB SSD 14″ UHD Graphic Display,198965,192000
Dell Precision 3510 Core-i7-6th Gen 16GB RAM 256GB SSD 2GB AMD Radeon R9 M360 Graphics Card 15.6″ Display,57482,49999
Dell Precision 3530 Core-i7-8th Gen 8 GB RAM 256 GB SSD P600 4 GB NVIDIA GRAPHICS CARD 15.6″ Display,120429,115000
Dell Precision 3540 Core-i7-8th Gen 16GB RAM 256GB SSD 15.6″ Display,89436,84999
Dell Precision 3541 Core-i5 9th Gen 16GB RAM 256GB SSD Nvidia Quadro  P620 4GB Graphics Card 15.6″ Display,104365,100000
Dell Precision 3550 Core-i7-10th Gen 16GB RAM 256GB SSD 2GB Nvidia Quadro P520 Graphics Card 15.6″ Display,116282,109999
Dell Precision 3551 Core-i7-10th Gen 16 GB RAM 256 GB SSD NVIDIA QUADRO P620 4 GB CARD 15.6″ Display,147783,144999
Dell Precision 3560 Core-i5-11th Gen 32GB RAM 512GB SSD 2GB NVIDIA QUADRO T500 Graphics Card 15.6″ Display,157950,149999
Dell Precision 3571 Core-i7-12th Gen 32GB RAM 256GB SSD 4GB NVIDIA RTX A1000 Dedicated Graphics Card 15.6″ Display,227979,219999
Dell Precision 5510 Core-i5-6th Gen 8 GB RAM 256 GB SSD 2 GB Graphics Card 15.6″ Display,82214,80000
Dell Precision 5540 Core-i7 9th Gen 32GB RAM 1TB Nvme SSD 4GB NVidia Quadro T1000 Graphic Card 15.6″ Display,151448,145000
Dell Precision 5750 Core-i7-10th Gen 16GB RAM 512GB SSD 4GB Nvidia Quadro T2000 Graphics Card 17″  Display,207370,199999
Dell Precision 7550 Core-i7-10th Gen 16GB RAM 512GB SSD NVIDIA Quadro RTX4000 8GB Card GDDR6 15.6″ Display,246993,240000
Dell Precision 7560 Core-i7-11th Gen (H) 16 GB RAM 256 GB SSD 4 GB NVIDIA Graphics Card T1200 15.6″ Display,227862,225000
Dell Precision 7710 Core-i7-6th Gen 16 GB RAM 256 GB SSD NVIDIA QUADRO M3000M 4 GB DEDICATED GRAPHICS CARD 17.3″ Display,93465,90000
Dell Precision 7710 Mobile Workstation Core-i7-6th Gen 16 GB RAM 256 GB SSD NVIDIA QUADRO M5000M 8 GB DEDICATED GRAPHICS CARD 17.3″ Display,103049,99999
Dell Precision 7730 Intel® Xeon E-2176M 32GB RAM 2TB SSD Nvidia Quadro P3200 6GB Card 17.3″ Display,164986,159999
Dell Precision 7750 Core-i7-10th GEN 16 GB RAM 1 TB SSD NVIDIA® Quadro® RTX 4000 8GB Card 17.3″ Display,235385,229999
Dell Precision 7760 Core-i7-11th GEN 64GB RAM 1TB SSD NVIDIA RTX A3000 6GB Card 17.3″ Display,281230,275000
Dell Precision 7760 Core-i7-11th Gen 16GB RAM 512GB SSD 17.3″ Display,186813,179999
Dell Precision 7770 Workstation Laptop Core-i5-12th Gen 32GB RAM 512GB SSD Nvidia RTX A1000 4GB Graphics Card GDDR6 17.3″ Display,246595,240000
Dell Precision M4700 Intel Core-i7-3rd Gen 8 GB RAM 256 GB SSD Nvidia Quadro K1000 2GB Graphics Card 15.6″ Display,32950,30000
Dell Vostro 14 5481 Core-i7-8th Gen 16GB RAM 256GB SSD 14″ Display,62643,60000
Dell Vostro 15 3559 Core-i5-6th Gen 8 GB RAM 256 GB SSD 2 GB CARD AMD RAEDON R5M315 15.6″ Display,57087,55000
Dell Vostro 7590 Core-i7-9th Gen 16GB RAM 512GB SSD NVidia GeForce GTX 1650 4GB Graphics Card 15.6″ Display,127742,125000
Dell Wyse 5470 Intel Celeron N4100  4 GB RAM 128 GB SSD 14″ Display,29951,25000
Dell XPS  (L521X) Core-i7-3rd Gen 8 GB RAM 256 GB SSD 15.6″ Display,32011,30000
Dell XPS 15 9500 Comet Lake Core-i7-10th Gen 16GB RAM DDR4 512GB SSD NVMe Nvidia GeForce GTX 1650ti 4GB dedicated graphics Card 15.6″ Display,184285,180000
Dell XPS 15 9500 Comet Lake Core-i9-10th Gen 16GB RAM DDR4 512GB SSD NVMe Nvidia GeForce GTX 1650ti 4GB Dedicated Graphics Card 15.6″ Display,200635,195000
Dell XPS 15 9510 Core-i9-11th Gen 32 GB RAM 2 TB SSD 4-GB NVIDIA GeForce RTX 3050Ti 15.6″ Display,306001,300000
Dell XPS 9350 Core-i5-6th Gen 8GB RAM 256GB SSD 13.3″ Display,45389,41999
Fujitsu LIFEBOOK E754 Core-i5-4th Gen 4GB RAM 320GB HDD 15.6″ Display,26716,22999
Fujitsu LifeBook E756 Core-i5-6th Gen 8 GB RAM 256 GB SSD 15.6″ Display,37685,35000
HP  EliteBook 840 G5 Core-i7-8th Gen 16GB RAM 512GB SSD 500 Radeon 2GB Graphics Card 14″ Display,92048,89999
HP 14dk1003dx 10th Gen Ryzen-3 8 GB RAM 256 GB SSD 14″ Display,62451,55000
HP 15 DA1017NY Core-i7-8th Gen 8 GB RAM 256 GB SSD 15.6″ Display,68617,65000
HP 15-dy1xxx Core-i7-10th Gen 16 GB RAM 512 GB SSD 15.6″ Display,114167,110000
HP 15S-FQ5000NIA Core-i3-12th Gen 8 GB RAM 256 GB SSD 15.6 Display,83826,80000
HP 15sdy3xxx Core-i3-11th Gen 8 GB RAM 256 GB SSD 15.6″ Display,78230,75000
HP 16-ag0070wm Pavilion Ryzen 7 8840U 3.3GHz AMD Radeon TM Graphics 8GB RAM 512GB SSD 16 Inch WUXGA Screen Win 11 Home Meteor Silver (1 Year International Warranty),168749,162000
HP 17T-CN200 Laptop Core-i7-12th Gen 8GB RAM 512GB SSD 17.3″ Display,153941,150000
HP Chromebook X360 11 G1 EE 4GB RAM 32GB SSD 11″ Display,18330,15000
HP Elite DragonFly G2 x360 Core-i5-11th Gen 16 GB RAM 256 GB SSD 13.3″ Display,167258,160000
HP EliteBooK 845 G9 RYZEN 5 6650 Processor 16 GB 256 GB 14″ Display,221248,217000
HP EliteBook 1030 G2 X360 Core-i5-7th Gen 8 GB RAM 256 GB SSD  Touchscreen 13.3″ Display,71030,67999
HP EliteBook 1030 G4 x360 Core-i5-8th Gen 16GB RAM 256GB SSD Touchscreen 13.3″ Display,88750,84999
HP EliteBook 1040 G6 X360 Core-i7-8th Gen 16GB RAM 512GB SSD 14″ Touchscreen Display,96903,90000
HP EliteBook 1040 G7 x360 Core-i7-10th Gen 16 GB RAM 256 GB SSD 14″ Touchscreen Display,123018,120000
HP EliteBook 2570P Core-i5-3320M 3rd Gen 4GB RAM 320GB HDD 12.5″ Display,23269,16000
HP EliteBook 630 G10 Core-i7-13th Gen 32GB RAM 512GB SSD 13.3″ Display,227101,220000
HP EliteBook 745 G5 AMD  Ryzen 7 2700U Pro 8 GB RAM 500 GB HDD 14″ Display,69404,65000
HP EliteBook 745 G5 AMD Ryzen 3 Pro 2300U  8 GB RAM 256 GB SSD 14″ Display,55282,50000
HP EliteBook 745 G5 Ryzen 5 8GB RAM 256GB SSD 14″ Display,67075,60000
HP EliteBook 755 G3 AMD A8 A8-8600P 8GB RAM 256GB SSD 15.6″ Display,32710,29999
HP EliteBook 755 G4 AMD Pro A10-8700B 8 GB RAM 256 GB SSD 15.6″ Display,52613,50000
HP EliteBook 755 G5 AMD Ryzen 7 Pro 8GB RAM 256GB SSD 1GB AMD Radeon Vega 10 15.6″ Display,78214,75000
HP EliteBook 820 G1 Core-i5-4th Gen 4 GB RAM 500 GB HDD 12.5″ Display,30418,25000
HP EliteBook 820 G2 Core-i5-5th Gen 8 GB RAM 256 GB SSD 12.5″ Display,35778,29999
HP EliteBook 820 G2 Core-i7-5th Gen 8 GB RAM 256 GB SSD 12.5″ Display,41180,35000
HP EliteBook 820 G3 Core-i5-6th Gen 8 GB RAM 256 GB SSD 12.5″ Display,44094,38000
HP EliteBook 830 G8 X360 Core-i5-11th Gen 8 GB RAM 256 GB SSD Touchscreen 13.3″ Display,105937,100000
HP EliteBook 840 G1 Core-i5-4th Gen 8 GB RAM 256 GB SSD 14″ Display,35200,32000
HP EliteBook 840 G2 Core-i5-5th Gen 8 GB RAM 256 GB SSD 14″ Display,39793,36000
HP EliteBook 840 G3 Core-i7-6th Gen 8 GB RAM 256 GB SSD 14″ Display,50051,47999
HP EliteBook 840 G4 Core-i5-7th Gen 8 GB RAM 256 GB SSD 14″ Display,55443,48000
HP EliteBook 840 G4 Core-i5-7th Gen 8 GB RAM 256 GB SSD 14″ Touchscreen Display,61065,55000
HP EliteBook 840 G6 Core-i5-8th Gen 8 GB RAM 256 GB SSD 14″ Display,63971,60000
HP EliteBook 840 G6 Core-i7-8th Gen 8 GB RAM 256 GB SSD 14″ Display,79149,75000
HP EliteBook 840 G7 Core-i5-10th Gen 8 GB RAM 256 GB SSD 14″ Display,83606,77000
HP EliteBook 845 G7 AMD Ryzen 5 PRO 4750U 8 GB RAM 256 GB SSD 14″ Display,77806,70000
HP EliteBook 8460P Core-i5-2nd Gen 4 GB RAM 320 GB HDD 14″ Display,25830,18000
HP EliteBook 850 G4 Core-i5-8th Gen 8GB RAM 256GB SSD 15.6″ Display,76425,72000
HP EliteBook Folio 1040 G3 Core-i7-6th Gen 8GB RAM 256GB SSD 14″ Display,56362,51999
HP EliteBook Folio 9470m Core-i5-3rd Gen 4 GB RAM 320 GB HDD 14″ Display,26381,19999
HP EliteBook Folio 9480M Core-i7-4th Gen 8 GB RAM 256 GB SSD 14″ Display,42996,34999
HP Elitebook 830 G5 Core-i7-8th Gen 8 GB RAM 256 GB SSD 13.3″ Display,77929,75000
HP Envy 14-0013dx X360 Core-i5-13th Gen 8 GB RAM 512 GB SSD Touchscreen x360 15.6″ Display,181191,177000
HP Envy 15m-edxxx X360 Core-i7-11th Gen 12 GB RAM 512 GB SSD 15.6″ Touchscreen Display,192236,190000
HP Laptop 15-fd0xxx Core-i7-13th Gen 8GB RAM 512GB SSD 15.6″ Display,147379,145000
HP NoteBook 15-da2xxx Core-i7-10th Gen 8 GB RAM 256 GB SSD GeForce MX13 2 GB GRAPHICS CARD 15.6″ Display,104753,100000
HP NoteBook 17-by3xxx Core-i5-10th Gen 8 GB RAM 256 GB SSD 17.3″ Display,97704,95000
HP NoteBook 250 G4 Intel® Core™ i5-5200U 5th Gen 4GB RAM 500GB HDD 15.6″ Display,34393,28000
HP Notebook 15-AY053NR Core-i5-6th Gen 8 GB RAM 256 GB SSD 15.6″ Display,42319,40000
"HP OMEN 16 WD0000nq Core-i5-13th Gen 13420H Processor 16GB RAM DDR5-5200 MHz 2 Slots,512GB SSD 6-GB NVIDIA GeForce RTX4050  144Hz 250nits,MicroEdge Display B&O Play Backlit KB D16.1″ Full HD IPS Display",282347,275000
HP Pavilion 14m-dw0013dx x360 Core-i3-10th Gen 8 GB RAM 256 GB SSD Touchscreen 14″ Display,72693,65000
HP Pavilion 15 AB292nr Core-i7 6th Gen 16 GB RAM 256 GB SSD Touchscreen 15.6″ Display,67998,60000
HP Pavilion 15 DY2095wm Core-i5-11th Gen 8 GB RAM 256 GB SSD 15.6″ Display,121780,115000
HP Pavilion 15 ay055nx Core-i3-6th Gen 4GB RAM 500GB HDD 15.6″ Display,33191,30000
HP Pavilion 15-DY2045NR Core-i5-11th Gen 16GB RAM 256GB SSD 15.6″ Display,103244,100000
HP Pavilion 15-cs3xxx Core-i7-10th Gen 16 GB RAM 256 GB SSD Nvidia GeForce MX250 4 GB Card 15.6″ Display,134627,130000
HP Pavilion 15dy Core-i7-11th Gen 16 GB RAM 256 GB SSD 15.6″ Display,139825,135000
HP Pavilion Gaming Laptop 16-a0xxx Core-i5-10th Gen 16 GB RAM 512 GB SSD Nvidia GeForce GTX 1660ti  16.1″ Display,155101,150000
HP Pavilion Laptop 15-dw3xxx Core-i3-11th Gen 16GB RAM 256GB SSD 15.6″ Display,82802,75000
HP ProBook 430 G7 Core-i3-10th Gen 8 GB RAM 256 GB SSD 13.3″ Display,65384,60000
HP ProBook 430 G7 Core-i7-10th Gen 8GB RAM 256GB SSD 13.3″Display,84529,80000
HP ProBook 440 G0 Notebook Core-i5-3rd 4 GB RAM 320 GB HDD 14″ Display,23519,20000
HP ProBook 440 G1 x360 Core-i5-8th Gen 8 GB RAM 256 GB SSD Touchscreen 14″ Display,61748,55000
HP ProBook 440 G3 Core-i7-6th Gen 8 GB RAM 256 GB SSD 14″ Display,51160,48000
HP ProBook 440 G5 Core-i5-8th Gen 8 GB RAM 500 GB HDD 14″ Display,50209,48000
HP ProBook 440 G5 Core-i7-8th Gen 16GB RAM 256GB SSD 2GB NVIDIA GRAPHICS CARD 930MX 14″ Display,78070,74999
HP ProBook 440 G6 Intel® Core™ i5-8265U 8th Gen 8GB RAM 256GB SSD 14″ Display,67900,60000
HP ProBook 440 G8 Core-i5-11th Gen 16 GB RAM 256 GB SSD 14″ Display,104623,100000
HP ProBook 440 G9 Core-i5-12th Gen 16GB RAM 512GB SSD 14″ Display,133304,130000
HP ProBook 445 G9 Ryzen 5 5625U AMD Radeon 8 GB RAM 256 GB SSD 14″ Display,103791,100000
HP ProBook 450 G1 Core-i5-4th Gen 8 GB RAM 500 GB HDD 15.6″ Display,34618,30000
HP ProBook 450 G1 Core-i7-4th Gen 8 GB RAM 500 HDD 15.6″ Display,41528,35000
HP ProBook 450 G2 Core-i3-4th Gen 8GB RAM 256GB SSD 15.6″ Display,33998,30000
HP ProBook 450 G4 Core-i3-7th Gen 8GB RAM 256GB SSD 15.6″ Display,47699,39999
HP ProBook 450 G5 Core-i5-7th Gen 8 GB RAM 256 GB SSD 15.6″ Display,61595,58000
HP ProBook 455 G3 AMD A10 8700 8 GB RAM 256 GB SSD 15.6″ Display,42074,35000
HP ProBook 455 G3 AMD A8-Series 7410 4GB RAM 500 GB HDD 15.6″ Display,34369,30000
HP ProBook 470 G3 Core-i5-6th Gen 8 GB RAM 256 GB SSD 2 GB AMD R7 340 17.3″ Display,62233,55000
HP ProBook 640 G1 Core-i5-4th Gen 8GB RAM 256GB SSD 14″ Display,34865,32000
HP ProBook 640 G2 Core-i3-6th Gen 8 GB RAM 128 GB SSD 14″ Display,36897,29999
HP ProBook 640 G2 Core-i5-6th Gen 8GB RAM 256GB SSD 14″ Display,39141,36000
HP ProBook 640 G2 Core-i7-6th Gen 8 GB RAM 256 GB SSD 14″ Display,49838,42999
HP ProBook 640 G3 Intel® Core™ i3-7100U 7th Gen 8GB RAM 256GB SSD 14″ Display,41939,38000
HP ProBook 640 G4 Core-i5-7th Gen 8 GB RAM 256 GB SSD 14″ Display,57967,52000
HP ProBook 640 G5 Core-i5-7th Gen 8GB Ram 256GB SSD 14″ Display,61064,55000
HP ProBook 640 G8 Core-i5-11th Gen 16 GB RAM 256 GB SSD 14″ Display,101883,95000
HP ProBook 650 G1 Core-i5-4th Gen 4 GB RAM 500 GB HDD 15.6″ Display,37251,29999
HP ProBook 650 G3 Core-i5-7th Gen 8GB RAM 256 GB SSD 15.6″ Display,54602,50000
HP ProBook 650 G5 Core-i5-8th Gen 8 GB RAM 256 GB SSD 15.6″ Display,68919,65000
HP ProBook 650 G8 Core-i5-11th Gen 16GB RAM 256GB SSD 15.6″ Display,112954,105000
HP ProBook 6550B Core-i3-1st Gen 4GB RAM 250GB HDD 15.6″ Display,18391,13999
HP Probook 430 G7 Core-i5 10th Gen 8 GB RAM 256 GB SSD 13.3″ Display,80235,75000
HP Stream NoteBook 11-r010nr Intel Celeron – N3050  4GB RAM  32GB SSD 11.6″ Display,18425,12999
HP VICTUS 15 FA0033DX Gaming Laptop Core-i5-12th Gen 8GB RAM 512GB SSD NVIDIA GeForce RTX 3050 4GB Graphics Card 15.6″ Display (Box Pack with 1 year International Warranty),183819,180000
HP Victus Gaming Laptop 15-fa0xxx Core-i7-12th Gen 16 GB RAM 512 GB SSD NVIDIA RTX 3050Ti 4GB Graphics Card 15.6″ Display,225475,220000
HP ZBook 15 G4 Mobile Workstation Core-i7-7th GEN 16 GB RAM 512 GB SSD NVIDIA Quadro M1200 4GB CARD 15.6″ Display,101773,97000
HP ZBook 15 G5 Core-i7-8th Gen 16GB RAM 512GB SSD Nvidia Quadro P2000 4GB Graphics Card 15.6″ 4K Display,141617,135000
HP ZBook 15u G3 Mobile Workstation Core-i7-6th Gen 16GB RAM 256GB SSD AMD FirePro W4190M 2GB Graphics Card 15.6″ Display,66912,60000
HP ZBook 15u G5 Core-i7-8th Gen 16GB RAM 512GB SSD AMD Radeon Pro WX3100 2GB Graphics Card 15.6″ Display,116732,110000
HP ZBook 17 G6 Mobile Workstation Core-i7-9th GEN 32 GB RAM 512 GB SSD NVIDIA® Quadro® RTX 4000 8 GB CARD 17.3″ Display,202729,200000
HP ZBook Firefly 14 G8 Core-i5-11th Gen 16GB RAM 256GB SSD 14″ Display,115202,110000
HP ZBook Fury 15 G7 Mobile Workstation Core-i9-10th Gen 32GB RAM 1TB SSD 6-GB NVIDIA Quadro RTX3000 GDDR6 GC 15.6″ Display,227802,219999
HP ZBook Studio G7 Mobile Workstation Core-i7-10th Gen 16 GB RAM 512 GB SSD NVIDIA Quadro T1000 4 GB CARD 15.6″ Display,180394,174999
HP Zbook 15 G2 Core-i7-4th Gen 8 GB RAM 256 GB SSD 1 GB CARD K610M 15″ Display,53479,48000
HP Zbook 15 G3 Core-i7-6th Gen 16GB RAM 256GB SSD 2GB Nvidia Quadro M1000M Graphics Card 15.6″ Display,77405,70000
HP Zbook 15 G5 Core-i7-8th Gen 32 GB RAM 512 GB SSD NVIDIA Quadro P1000 GDDR5 4GB 15.6″ Display,146862,140000
HP Zbook 15 G6 Core-i7-9th Gen 16 GB RAM 512 SSD NVIDIA QUADRO T2000 4 GB GRAPHICS CARD 15.6″ Display,166603,160000
HP Zbook 15 Workstation Core-i5-4th Gen 8GB RAM 256GB SSD 15.6″ Display,51997,47999
HP Zbook 15U G2 Core-i7-5th Gen 8 GB RAM 256 GB SSD 1 GB CARD AMD READON R7 15.6″ Display,66925,60000
HP Zbook 17 G2 Core-i7-4th Gen 8 GB RAM 256 GB SSD 2 GB Card K1100 17.3″ Display,57515,53000
HP Zbook Fire Fly G7 Core-i7-10th Gen 16GB RAM DDR4 512GB SSD Nvidia Quadro P520 4GB Graphics Card Touchscreen 15.6″ Display,172466,170000
HP Zbook Firefly14 G10 Core-i7-13th Gen 16 GB RAM 512 GB SSD 14″ Display,319225,317000
HP Zbook Power G10 Core-i7-13th Gen 13700H 16 GB RAM 512 GB SSD Nvidia RTX A500 4 GB Card 15.6″ Touchscreen Display,434854,427000
Hp EliteBook X360 1030 G7 Core-i7-10th Gen 16GB RAM 512GB SSD 13.3″ Display,137698,130000
Lenovo Flex 3 14 Core-i5-6th Gen 8 GB RAM 256 GB SSD 14″ Display,47420,45000
Lenovo IdeaPad 1 AMD RYZEN 7 Processor 8 GB RAM 512 GB SSD  15.6″ Display,130909,124000
Lenovo IdeaPad 110  Core-i3-6th Gen 8GB RAM 256GB SSD 15.6″ Display,40732,34999
Lenovo IdeaPad 5 Core-i7-12th Gen 16 GB RAM 512 GB SSD NVIDIA GeForce MX550 2GB 15.6″ FHD Display,216493,212000
Lenovo IdeaPad L340 Intel® Pentium® Gold 5405U 8GB RAM 128GB SSD 13″ Display,32442,24999
Lenovo IdeaPad Slim 3 Core i5 13th Gen 8 GB RAM 512 GB SSD Intel Integrated Graphics 15.6″ Full HD Touch Screen Windows 11 (Box Pack with 1 year International Warranty),150753,148000
Lenovo Legion Pro 5 16 Core-i7-14th Gen 14650HX 16-Core Processor 16GB RAM 1TB SSD 240Hz 500nits DolbyVision G-Sync Display 4-Zone RGB Backlit KB TPM 2.0 (Storm Grey) 8-GB NVIDIA GeForce RTX4060 GDDR6 GC  16″ WQXGA IPS AG Display,463098,459999
Lenovo Slim 7 16IAH7 82VB0002US Core-i7-12th Gen 12700H Processor 16 GB RAM 1 TB SSD A370M 4 GB Graphics Card Storm Grey Touchscreen  16″ Display,229256,222000
Lenovo ThinkPad E14 Core-i7-10th Gen 8GB RAM 256GB SSD 14″ Display,84812,80000
Lenovo ThinkPad E470 Core-i5-7th Gen 8 GB RAM 256 GB SSD 14″ Display,49723,45000
Lenovo ThinkPad E480 Core-i3-8th Gen 8 GB RAM 256 GB SSD 14″ Display,54627,50000
Lenovo ThinkPad E540 Core-i3-4th Gen 8GB RAM 256GB SSD 15.6″ Display,34687,26999
Lenovo ThinkPad E560 Core-i5-6th Gen 8 GB RAM 256 GB SSD 15.6″ Display,44559,39999
Lenovo ThinkPad L13 Core-i5-10th Gen 8GB RAM 256GB SSD 13.3″ Display,66690,60000
Lenovo ThinkPad L380 Core-i3-8th Gen 8 GB RAM 256 GB SSD 13.3″ Display,45444,43000
Lenovo ThinkPad L440 Core-i5-4th Gen 4GB RAM 500GB HDD 14″ Display,34969,27000
Lenovo ThinkPad L450 Core-i7-5th Gen 8GB RAM 256GB SSD AMD R5 M200 2GB Graphics Card 14″ Display,38052,35000
Lenovo ThinkPad L460 Intel® Pentium® 4405U 8 GB RAM 256 GB SSD 14″ Display,25693,20000
Lenovo ThinkPad L470  Core-i5-7th Gen 8 GB RAM 256 GB SSD 14″ Display,44216,42000
Lenovo ThinkPad L470 Core-i5-6th Gen 8 GB RAM 256 GB SSD 14″ Display,46336,40000
Lenovo ThinkPad L530 Core-i5-3rd Gen 4GB RAM 320GB HDD 15.6″ Display,22354,20000
Lenovo ThinkPad L570 Core-i3-7th Gen 8GB RAM 256GB SSD 15.6″ Display,40165,35000
Lenovo ThinkPad L570 Core-i7-7th Gen 8 GB RAM 256 GB SSD 15.6″ Display,57125,55000
Lenovo ThinkPad L580 Core-i5-8th Gen 8GB RAM 256GB SSD 15.6″ Display,69004,65000
Lenovo ThinkPad L590 Core-i5-8th Gen 8GB RAM 256GB SSD 15.6″ Display,66071,63000
Lenovo ThinkPad P1 Core-i7-8th Gen 16GB RAM 512GB SSD NVIDIA Quadro P1000 4GB Graphics Card Touchscreen 4K 15.6″ Display,141048,135000
Lenovo ThinkPad P16s  Core-i5-12 Gen 16 GB RAM 512 GB SSD NVIDIA T550 4GB 16″ WUXGA Display,210840,207000
Lenovo ThinkPad P50s Core-i7-6th Gen 8GB RAM 256GB SSD Nvidia Quadro M5000M 2GB Graphics Card 15.6″ Display,67497,60000
Lenovo ThinkPad P51 Core-i7-7th Gen 8GB RAM 256GB SSD 15.6″ Display,67002,65000
Lenovo ThinkPad P53 Laptop Core-i7-9th Gen 16 GB RAM 512 GB SSD NVIDIA® Quadro® T1000 4GB CARD 15.6″ Display,124697,120000
Lenovo ThinkPad P70 Core-i7-6th Gen 16 GB RAM 512 GB SSD NVIDIA QUADRO M600M 2GB GRAPHICS CARD 17.3″ Display,71802,65000
Lenovo ThinkPad T14 Gen 1 Core-i5-10th Gen 16 GB RAM 256 GB SSD 14″ Display,85270,80000
Lenovo ThinkPad T440 Core-i3-4th Gen 4GB RAM 320GB HDD 14″ Display,24959,20000
Lenovo ThinkPad T440p Core-i5-4th Gen 8 GB RAM 256 GB SSD 14″ Display,38655,33000
Lenovo ThinkPad T440s Core-i5-4th Gen 4GB RAM 500GB HDD 14″ Display,30406,25999
Lenovo ThinkPad T450s Core-i7-5th Gen 8GB RAM 256GB SSD 14″ Display,42322,38000
Lenovo ThinkPad T470 Core-i5-6th Gen 8 GB RAM 256 GB SSD 14″ Display,42392,38000
Lenovo ThinkPad T470 Core-i5-7th Gen 8 GB RAM 256 GB SSD 14″ Display,46701,40000
Lenovo ThinkPad T470s Core-i5-6th Gen 8GB RAM 256GB SSD Touchscreen 14″ Display,43274,38000
Lenovo ThinkPad T480 Core-i5-8th Gen 8GB RAM 256GB SSD 14″ Display,56711,52000
Lenovo ThinkPad T490 Core-i5-8th Gen 8GB RAM 256GB SSD 14″ Display,62911,55000
Lenovo ThinkPad T490s Core-i5-8th Gen 8GB RAM 256GB SSD 14″ Display,64100,60000
Lenovo ThinkPad T540P Core-i5-4th Gen 4GB RAM 500GB HDD 15.6″ Display,34011,30000
Lenovo ThinkPad T550 Core-i7-5th Gen 8GB RAM 256GB SSD 15.6″ Display,47033,39999
Lenovo ThinkPad T560 Core-i5-6th Gen 8 GB RAM 256 GB SSD 15.6″ Display,41117,38000
Lenovo ThinkPad T560 Core-i7-6th Gen 8GB RAM 256GB SSD 15.6″ Display,49960,42000
Lenovo ThinkPad X1 Carbon Core-i7-5th Gen 8GB RAM 256GB SSD 14″ Display,40123,35000
Lenovo ThinkPad X1 Carbon Core-i7-7th Gen 16GB RAM 512GB SSD 14″ Display,72916,64999
Lenovo ThinkPad X1 Yoga Core-i5-7th Gen 8GB RAM 256GB SSD 14″ Display,47380,40000
Lenovo ThinkPad X201 Core-i5-1st Gen 4 GB RAM 250 GB HDD 12.5″ Display,15695,12000
Lenovo ThinkPad X230 Core-i5-3rd Gen 4GB RAM 320GB HDD 12.5″ Display,19357,15000
Lenovo ThinkPad X270 Core-i5-6th Gen 8GB RAM 256GB SSD 12.5″ Display,35250,32000
Lenovo ThinkPad Yoga 15 Core-i7-5th Gen 8GB RAM 256GB SSD 2GB GeForce 840M Graphics Card Touchscreen 15.6″ Display,56238,49999
Lenovo ThinkPad Yoga 460 x360 Core-i5-6th Gen 8 GB RAM 256 GB SSD  Touchscreen 14″ Display,39081,35000
Lenovo ThinkPad Yoga X360 14 Core-i5-5th Gen 8 GB RAM 256 GB SSD Touchscreen x360 14″ Display,43565,40000
Lenovo ThinkPad Yoga X380 Core-i5-8th Gen 8GB RAM 256GB SSD Touchscreen 13.3″ Display,69338,65000
Lenovo ThinkPad t460 Core-i5-6th Gen 8 GB RAM 256 GB SSD 14″ Display,39664,35000
Lenovo ThinkPad t460s Core-i5-6th Gen 8 GB RAM 256 GB SSD 14″ Display,41853,36000
Lenovo ThinkPad x260 Core-i5-6th Gen 8 GB RAM 256 GB SSD 12.5″ Display,36705,34000
Lenovo Thinkpad T580 Core-i7-8th Gen 16GB RAM 256GB SSD 15″ Display,79841,75000
Lenovo Yoga 2 Pro x360 Core-i5-4th Gen 8 GB RAM 256 GB SSD Touchscreen x360 13.3″ Display,34079,30000
Lenovo Yoga 260 X360 Core-i5-6th Gen 8 GB RAM 256 GB SSD  Touchscreen 12.5″ Display,41754,35000
Macbook Pro M3 A2918 8GB 512GB SSD 14″ Dispaly (Box Pack Non Active),502019,500000
