Product Name,Old Price,New Price
Acer TravelMate P278 Core-i5-6th Gen 8 GB RAM 256 GB SSD 17.3″ Display,47734,45683
Acer TravelmateP259-G2-M Core-i5-7th Gen 8 GB RAM 256 GB SSD 15.6″ Display,50477,44488
Acer Aspire 17 8943 Core-i5-1st Gen 4GB RAM 500GB HDD 1GB AMD 5000 Graphics Card 17″ Display,17101,14177
Apple MacBook Pro 2016 Core-i7 16GB RAM 500GB SSD 13″ Display Space Gray,119999,114248
Apple MacBook Pro 2017 Core-i7 16GB RAM 500GB SSD Radeon Pro 560 4GB Graphics Card 16″ Display,229999,224333
Apple MacBook Pro 2015 Core-i5 8GB RAM 256GB SSD 13″ Retina Display,87605,84279
Acer q5wph Aspire Intel Pentium 4 GB RAM 500 GB HDD 15.6″ Display,22505,16930
Acer Nitro 5 AN515-51 Core-i5-7th Gen 7300HQ 16 GB RAM 256 GB SSD NVIDIA GeForce GTX 1050 4 GB CARD 15.6″ Display,116811,109787
Apple MacBook Pro 2015 Core-i5 8GB RAM 256GB SSD 13″ Retina Display,84999,81806
Apple MacBook Pro 2017 Core-i7 16 GB RAM 256 GB SSD 2 GB AMD Radeon Pro 560 15″ Display,152784,150395
Apple MacBook Pro 2016 Core-i7 16GB RAM 500GB SSD 13″ Display Space Gray,119999,114981
Acer aspire 5733 Core-i3-1st Gen 4GB RAM 250GB HDD 15.6″ Display,12999,8258
"Apple MacBook Pro 2013 Core-i7 16 GB RAM 256 GB SSD Retina, 1GB Graphics Card 13″ Display Late",64999,61864
Apple Macbook Pro 2012 Core-i7 16GB RAM 240GB SSD 13.3″ Silver Color Display Mid,57227,53499
Apple MacBook Pro 2017 Core-i7 16GB RAM 500GB SSD Radeon Pro 560 4GB Graphics Card 16″ Display,229999,224373
Acer Aspire V Nitro (VN7-791) Intel Core i7-4720HQ 8GB RAM 256GB SSD NVIDIA GeForce GTX 960M (4GB GDDR5) 17.3″ Display,39999,36717
Acer Aspire V5-471G Intel® Core™ i5 3rd Gen -3337U 8GB RAM 500 GB HDD NVIDIA® GeForce® 710M 2GB Graphics Card Touch 14″ Display,24999,19466
Acer TravelmateP259-G2-M Core-i5-7th Gen 8 GB RAM 256 GB SSD 15.6″ Display,50470,43328
Acer Aspire E5-575G  Core-i5-6th Gen 8GB RAM 256GB SSD 15.6″ Display,39081,34835
Apple MacBook Pro 2015 Core-i5 8GB RAM 256GB SSD 13″ Retina Display,92611,88997
Apple Macbook 13 Air 2020 M1 8GB RAM 256GB SSD 13″ Display,180000,177993
Apple MacBook Pro 2018 A1990 Core-i7 16GB RAM 500GB SSD Radeon Pro 555X 4GB Card 16″ Display,177656,174991
"Apple MacBook Air M2, A2941 2023 8 GB RAM 256 GB SSD 15″ Display",300000,296917
Apple Macbook Pro 2012 Core-i7 16GB RAM 240GB SSD 13.3″ Silver Color Display Mid,50000,42650
Acer Aspire 17 8943 Core-i5-1st Gen 4GB RAM 500GB HDD 1GB AMD 5000 Graphics Card 17″ Display,17633,15461
Apple MacBook  Pro A1989 2019 Core-i5 16 GB RAM 512 GB SSD 13.3″ Display,181514,178956
Acer Aspire V Nitro (VN7-791) Intel Core i7-4720HQ 8GB RAM 256GB SSD NVIDIA GeForce GTX 960M (4GB GDDR5) 17.3″ Display,44601,38322
Apple MacBook Air 2020 Core-i3 8GB RAM 256GB SSD 13.3″ Display Space Gray,103029,99870
Apple MacBook Air MRXR3 M3 8-Core Chip (2024) 8GB RAM 512GB SSD 13.6″ Liquid Retina Display 10-Core GPU Touch ID Silver (1 Year International Warranty) (On Order),349467,346324
Apple MacBook Air MC7U4 M2 8-Core Chip 16GB RAM 256GB SSD 13.6″ Liquid Retina Display M2 8-Core GPU Touch ID Space Gray (1Year International Warranty),265000,260729
Apple MacBook Air MLY13 M2 8-Core Chip 8GB RAM 256GB SSD 13.6″ Liquid Retina IPS LED Display 8-Core GPU Touch ID Starlight (1 Year International Warranty) (On Order),252763,249667
Apple MacBook Pro 2016 Core-i7 16GB RAM 500GB SSD 13″ Display Space Gray,123386,119616
Apple Macbook Pro 2012 Core-i7 16GB RAM 240GB SSD 13.3″ Silver Color Display Mid,50000,43856
Apple MacBook Pro 2015 Core-i5 8GB RAM 256GB SSD 13″ Retina Display,84999,79726
"Apple MacBook Pro 2013 Core-i7 16 GB RAM 256 GB SSD Retina, 1GB Graphics Card 13″ Display Late",64999,57837
Apple MacBook Air MXCR3 M3 (2024) 8-Core Chip 16GB RAM 512GB SSD 13.6 Liquid Retina Display 10-Core GPU Space Grey (1 Year International Warranty),381166,373478
Apple MacBook Pro A1989 2019 Core-i7 16 GB RAM 256 GB SSD 13.3″ Display,161984,157018
Apple MacBook Pro 2017 Core-i7 16 GB RAM 256 GB SSD 2 GB AMD Radeon Pro 560 15″ Display,148149,140784
Apple MacBook Pro A1708 2017 Core-i5 8 GB RAM 256 GB SSD 13.3″ Display,69999,67484
"Apple MacBook Pro A1398 2015 Core-i7 16GB RAM 500GB SSD AMD Radeon R9 M370X 2GB Retina, 16″ Display  Mid",80001,76057
"Apple MacBook Pro A1398 2014 Core-i7 16GB RAM 256GB SSD NVIDIA GeForce GT 750M 2GB Retina, 16″ Display Mid",59999,54210
Apple MacBook Pro 2019 Core-i9 32 GB RAM 1 TB SSD 4 GB Radeon Pro 555X Touch Bar15″ Display,263637,259659
Apple MacBook Pro 2019 Core-i7 16 GB RAM 512 GB SSD 4 GB CARD Radeon Pro 560X 15″ Display,237802,230887
Apple MacBook Pro 2019 A2141 Core-i9 32 GB RAM 512 GB SSD AMD Radeon Pro 5500M 8GB Graphics Card 16″ Display,262002,255981
Apple MacBook Pro MPHG3 M2 Max 12-Core Chip (2023) 32GB RAM 1TB SSD 14″ Liquid Retina XDR Display 30-Core GPU Touch ID Space Gray (1 Year International Warranty),770000,763027
Apple MacBook Pro MNWA3 M2 Max 12-Core Chip (2022) 32GB RAM 1TB SSD 16″ Liquid Retina XDR Display 38-Core GPU Touch ID Space Grey (1 Year International Warranty) (On Order),805000,802032
Apple MacBook Pro A2251 2020 Core-i5 16 GB RAM 500 GB HDD 13.3″ Display,180000,173175
Apple MacBook Pro MX2H3 M4 Pro 12-Core Chip 24GB RAM 512GB SSD 14″ Liquid Retina XDR display 16-Core GPU Space Black (1 Year International Warranty),543000,535349
Apple MacBook Pro MX2K3 M4 Max 14-Core Chip 36GB RAM 1TB SSD 14″ Liquid Retina XDR display 32-Core GPU Space Black (1 Year International Warranty),885000,882831
Apple MacBook Pro MX2J3 M4 Pro 14-Core Chip 24GB RAM 1TB SSD 14″ Liquid Retina XDR display 20-Core GPU Space Black (1 Year International Warranty) (On Order),684611,679979
Apple MacBook Pro A2141 2019 Core-i9 16 GB RAM 1TB SSD Radeon Pro Vega 16 4GB Card 16″ Display,237859,231178
Apple MacBook Pro MX2Y3 M4 Pro 14-Core Chip 48GB RAM 512GB SSD 16″ Liquid Retina XDR display 20-Core GPU Space Black (1 Year International Warranty) (On Order),796342,790464
ASUS K535V-SX126V  Intel® Core™ i5 -2410M 2nd Gen 4GB RAM 500GB HDD NVIDIA® GeForce® GT 540M 1GB Graphics Card 15.6″ Display,23900,18713
ASUS VivoBook X202E Core-i5-3rd Gen 4GB RAM 250GB HDD 11.6″ Display,23327,15892
Brand New! Acer Nitro 16 AN16-43-R2GJ Gaming Laptop AMD Ryzen 7-8845HS 16GB RAM DDR5 512GB SSD NVIDIA RTX 4060 8GB Graphics Card 16″ WQXGA IPS 165Hz Win 11 (1 Year official Card Warranty),329857,325604
ASUS X55X1 Intel N2851 Celeron 4GB RAM 128GB SSD 15.6″ Display,25345,17612
Bran New! Dell Latitude 5540 Core-i7-13th Gen 1370P 16GB RAM 512GB SSD 2GB Graphics Card MX550 15.6″ Display (Official Card Warranty),385549,378206
"Brand New! Acer Predator Triton Neo 16 PTN16-51-96GK Gaming Laptop Ultra 9-185H, 32GB RAM DDR5 1TB SSD NVIDIA RTX 4060 8GB Graphics Card 16″ WQXGA IPS 240Hz, Win 11 (2 Year Official Warranty)",445000,442672
Brand New! ASUS TUF Gaming FA401WU-RG047W AMD Ryzen AI 9 HX370 32GB RAM DDR5 1TB Nvme M.2 Nvidia GeForce RTX 4060 6GB Graphics Card 14.0″ Display RGB B/L KB WIN 11 GREY (2 Year Official Warranty),532000,526497
Brand New! Asus TUF Gaming FX507VV-LP139 Intel Core-i7-13620H 13th Gen 16GB RAM DDR5 512GB SSD Nvme M.2 Nvidia GeForce RTX 4060 8GB Graphics Card 15.6″ FHD Display RGB B/L KB DOS GREY (2 Year Official Warranty),363743,356296
Brand New! ASUS TUF Gaming F17 FX707VV-HX451 Intel Core-i7-13620H 13th Gen 16GB RAM DDR5 512GB SSD Nvme M.2 Nvidia RTX 4060 8GB Graphics Card 17.3″ Display RGB B/L KB DOS GREY (2 Year Official Warranty),377672,371236
Brand New! Acer Predator Helios Neo 16 PHN16-72-93AF Gaming Laptop Core-i9-14th Gen 14900HX 16GB RAM DDR5 1TB SSD NVIDIA RTX 4070 8GB Graphics Card  16″ WQXGA IPS 240Hz Win 11 ( 2 Year Official Warranty) ( On Order),485000,480117
Brand New! ASUS TUF Gaming F17 FX707VU-HX175 Intel Core-i7-13620H 13th Gen 16GB RAM DDR5 512GB SSD Nvme M.2 Nvidia GeForce RTX 4050 8GB Graphics Card 17.3″ Display RGB B/L KB DOS GREY (2 Year Official Warranty),331025,323044
Brand New! Asus TUF Gaming F15 FX507VV-LP299 Intel Core-i7-13620H 13th Gen 16GB RAM DDR5 512GB SSD Nvme M.2 Nvidia GeForce RTX 4060 8GB Graphics Card 15.6″ FHD Display RGB B/L KB DOS GREY (2 Year Official Warranty),359952,355191
Brand New! ASUS TUF Gaming F15 FX507VV-LP139W Intel Core-i7-13620H 13th Gen 16GB RAM 512GB SSD Nvme M.2 Nvidia GeForce RTX 4060 8GB Graphics Card 15.6″ FHD Display RGB B/L KB Win 11 GREY (2 Year Official Warranty),367317,361000
Brand New! ASUS TUF Gaming F15 FX507VI-LP062 Intel Core-i7-13620H 13th Gen 16GB RAM DDR5 1TB SSD Nvme M.2 Nvidia GeForce RTX 4070 8GB Graphics Card 15.6″ Display RGB B/L KB DOS GREY (2 Year Official Warranty),397000,393810
Brand New! ASUS TUF Gaming A16 FA608WV-RL055W AMD Ryzen AI 9 HX370 32GB RAM DDR5 1TB Nvme M.2 Nvidia GeForce RTX 4060 8GB Graphics Card 16.0″ Display RGB B/L KB WIN 11 GREY (2 Year International Warranty),540524,533802
Brand New! Asus TUF Gaming FX607JV-N3204 Intel Core-i7-13650HX 13th Gen 16GB Ram DDR5 512GB SSD Nvme M.2 Nvidia GeForce RTX 4060 8GB Graphics Card 16.0″ Display RGB B/L KB DOS GREY (2 Year Official Warranty),369877,366583
Brand New! Dell Inspiron 15 3520 Laptop Intel Core i5-12th Gen 8GB 512GB SSD 15.6″ FHD Display (1 Year International Warranty),139153,136223
Brand New! Dell Inspiron 7430 2 in 1 Core-i5-13th Gen 8GB RAM 512GB SSD Touchscreen X360 14.0″ Display (1 year International Warranty),237289,229347
Brand New! HP 15s FQ5318TU Core-i5-12th Gen 8GB RAM 512GB SSD 15.6″ Display (1 year International Warranty),151327,147109
Brand New! HP 15-FD0371NIA Intel Core-i7-1355U 13th-Gen 8GB RAM 512GB SSD 15.6″FHD  DOS (1 Year International Warranty),180000,177905
Brand New! HP 15-FD0336NIA Laptop Core-i3-13th Gen 4GB RAM 256GB SSD 15.6″ Display (BoxPack with 1 year International warranty),107421,102789
Brand New! HP 15 FD0240TU Core-i5-13th Gen 8GB RAM 512GB SSD 15.6″ Display (1 Year Local Card Warranty),146500,140629
"Brand New! HP 15-FD0182WM Intel® Core™ i7-1355U 13th Gen 16GB Ram DDR4, 1TB SSD NVMe Intel® Iris® Xᵉ Graphics Backlit KB, Finger Reader, Windows 11 15.6″ FHD Display (1 Year International Warranty)",196946,190707
Brand New! Dell XPS 9640 Laptop Intel Core Ultra 7 Processor 155H 16GB LPDDR5x 512GB SSD M.2 NVIDIA GeForce RTX 4050 6GB Graphics Card Backlit Keyboard Fingerprint Reader Windows 11 Pro 16.3″ FHD Display (1 Year International Warranty),455000,451474
"Brand New! HP Envy X360 2-in-1 14-FC0023DX Laptop Intel Core Ultra 7 155U 16GB RAM 1TB SSD 14″ WUXGA IPS Touch Screen, Windows 11 Home, ENGLISH KEYBOARD METEOR SILVER (1 Year International Warranty)",233500,230431
"Brand New! HP Envy X360 16-AC0023DX 2-in-1 Laptop Intel Core Ultra 7 155U, 16GB DDR5, 1TB SSD, Intel Iris Xe Graphics, 16″ WUXGA IPS Touch Screen, Backlit Keyboard, Windows 11 Home, Glacier Silver(1 Year International Warranty)",233500,229104
Brand New! HP EliteBook 640 G10 Intel Core- i5-1355U 13th-Gen 8GB RAM 512GB SSD FPR BL/KB DOS 14″FHD Display (1Year International Warranty),195000,192996
Brand New! HP 250 G10 Core-i7-13th Gen 8GB RAM 512GB SSD 15.6″ Display (1 year International Warranty),181000,177937
Brand New! HP 250 G10 Core-i5-13th Gen 8GB RAM 512GB SSD 15.6″ Display (1 year International Warranty),142000,139810
Brand New! HP Laptop 15s-fq5340TU Core-i3-12th Gen 8GB RAM 256GB SSD 15.6″ Display (1 year International Warranty),104999,99228
"Brand New! HP Spectre X360 2 in 1 14-EU0085TU Intel Core Ultra 7 155H 16GB DDR5 1TB SSD 14″ Diagonal, 3K OLED Touchscreen Display Window Blue Slate Blue (1 Year Local Card Warranty)",454543,450840
"Brand New! HP ProBook 460 G11 Intel® Core™ Ultra 7 155U 16GB Ram DDR5, 512GB SSD NVMe Intel® Graphics Finger Reader, Free DOS 16.1″ WUXGA  IPS Display",231179,226632
Brand New! HP ProBook 450 G10 Core-i7-13th Gen 8GB RAM 512GB SSD 15.6″ Display (1 year International Warranty),211500,209271
"Brand New! HP ProBook 440 G11 Intel® Core™ Ultra 5 Processor 125U 8GB DDR5 Ram, 512GB SSD NVMe Backlit Keyboard 14″ WUXGA IPS Display (1 Year International Warranty)",198542,194886
Brand New! Lenovo v15 G3 IAP Core i5 12th Gen 8GB RAM 512GB SSD 15.6″ FHD Display (Box Pack with 1 Year International Warranty),150181,146571
Brand New! HP Omen 16-AE0073CL Gaming Laptop Core-i7-14th Gen 14650HX 32GB RAM 1TB SSD NVIDIA RTX 4060 8GB Graphics Card 16.1″FHD 144Hz W11 SILVER (1 Year International Warranty),367750,363439
Brand New! Lenovo ThinkPad E16 Gen 1 Core i7-1355U 8GB ram 512GB SSD  Intel Iris Xe Graphics 16″ screen display ( 1 Year International Warranty ),242000,236057
"Brand New! HP VICTUS 15-fa1163dx Intel® Core™ i7-12650H 12th Gen 16GB Ram DDR4, 512GB SSD NVMe NVIDIA® GeForce RTX™ 4050 6GB GDDR6 Graphics Card Backlit KB Windows 11 15.6″ FHD Display (1 Year International Warranty)",275947,273040
Dell  Latitude 3300 Core-i5-8th Gen 8GB RAM 256GB SSD Touchscreen 13.3″ Display,52873,46002
Dell Inspiron  3511 Core-i5-10th Gen 8GB RAM 256GB SSD 15.6″ Display,78845,75706
Dell G15-5515 Gaming Laptop AMD Ryzen5-5600H 16 GB RAM 512 GB SSD Nvidia RTX 3050 (4Gb Gddr6) 15.6″ Display,155000,148901
Dell Inspiron 3501 Core-i5 10th Gen 8GB RAM 256GB SSD 15.6″ Display,83250,78948
Dell Inspiron 3452 Pantium N3700 4GB RAM 128GB SSD 14″ Display,19999,14436
Dell Inspiron 3511 Core-i5-11th Gen 16GB RAM 256GB SSD 15.6″ Display,112013,107743
Dell Inspiron 3580 Intel® Celeron® 4205U 8GB RAM 1TB HDD 15.6″ Display,29943,22273
Dell Inspiron 3567 Core-i5-7th Gen 8GB RAM 256 GB SSD 15.6″ Display,52612,49756
Dell Inspiron 3567 Core-i3-7th Gen 8GB RAM 256GB SSD 15.6″ Display,45300,37335
Dell Inspiron 5566 Core-i5-7th Gen 8GB RAM 256GB SSD 15.6″ Display,50716,45747
Dell Inspiron 5545 AMD A10-7300  8 GB RAM 256 GB SSD 15.6″ Display,34999,27776
Dell Inspiron 3590 Core-i5-10th Gen 12 GB RAM 256 GB SSD 15.6″ Display,102455,96453
Dell Inspiron 5410 Core-i7-11th Gen 8 GB RAM 256 GB SSD Touchscreen x360 14″ Display,110000,106554
Dell Latitude  5520 Core-i7-11th Gen 16GB RAM 256GB SSD 15.6″ Display,119999,117554
Dell Inspiron 5748 Core-i7-4th Gen 8GB RAM 256GB SSD 17.3″ Display,39260,36792
Dell Inspiron G7 7588 Gaming Laptop Core-i7 8th Gen 8GB RAM 256GB SSD 6GB Nvidia GeForce 1060 15.6″ Display,140000,134571
Dell Inspiron 7559 Core-i7 6th Gen 16 GB RAM 512 GB SSD 960 Nvidia Quadro 4 GB Graphics Card 15.6″ Display,100438,94088
Dell Inspiron 7559 Core-i5 7th Gen 16 GB RAM 512 GB SSD 960 4 GB Graphics Card 15.6″ Display,84207,82203
Apple MacBook Air MC7V4 M2 8-Core Chip 16GB RAM 256GB SSD 13.6″ Liquid Retina Display 8-Core GPU Silver (1 Year International Warranty) (On Order),268356,263113
Dell Latitude 13 3390 Core-i5 8th Gen 8GB RAM 256GB SSD 2 in 1 13″ Display,57157,49514
Dell Latitude 3310 Core-i5-8th Gen 8GB RAM 256GB SSD 13.3″ Display,44493,40940
Dell Latitude 15 3540 Raptor Lake Core-i5-13th Gen 16 GB RAM 256 GB SSD Intel UHD Graphics 15.6″ Full HD 1080p 60Hz 250nits AG Display Backlit KB FP Reader (BOX PACK),192000,185346
Dell Latitude 3301 Core-i3-8th Gen 4GB RAM 128GB SSD 13.3″ Display,41407,35259
Dell Latitude 3440 Core-i3-4th Gen 4GB RAM 320GB HDD 14″ Display,24000,17789
Dell Latitude 3420 Core-i5-11th Gen 8 GB RAM 256 GB SSD 14″ Display,83810,79520
Dell Latitude 3450 Core-i3-5th Gen 4GB RAM 128GB SSD 14″ Display,25999,22707
Dell Latitude 3410 Core-i5-10th 8 GB RAM 256 GB SSD 14″ Display,60000,52243
Dell Latitude 3390 2-in-1 Intel Core i3-7th Gen 8GB RAM 256GB SSD Touch Screen X360 13.3″ Display,40000,37144
Dell Latitude 3490 Core-i5-8th Gen 8 GB RAM 256 GB SSD 14″ Display,51385,49217
Dell Latitude 3490 Core-i5-7th Gen 8GB RAM 256GB SSD 14″ Display,39000,35139
Dell Latitude 3490 Core-i7-8th Gen 8 GB RAM 256 GB SSD 14″ Display,50000,47120
Dell Latitude 3490 Core-i3 7th Gen 8GB RAM 256GB SSD 14.4″ Display,34999,29413
Dell Latitude 3510 Core-i5-10th Gen 8GB RAM 256GB SSD 15.6″ Display,74999,72150
Dell Latitude 3590 Intel® Celeron 8GB RAM 256GB SSD 15.6″ Display,25000,17033
Dell Latitude 3580 Core-i5-7th Gen 8GB RAM 256GB SSD 15.6″ Display,43999,36925
Dell Latitude 3580 Core-i3-6th Gen 8GB RAM 256GB SSD 15.6″ Display,38532,34829
Dell Latitude 3590 Core-i3 7th Gen 8GB RAM 256GB SSD 15.6″ Display,44085,40675
Dell Latitude 3580 Core-i7-7th Gen 8GB RAM 256GB SSD 15.6″ Display,59999,53576
Dell Latitude 3550 Core-i5-5th Gen 8GB RAM 256GB SSD 15.6″ Display,42720,40219
Dell Latitude 5285 Core-i5 7th Gen 8 GB RAM 256 GB SSD Touch Screen 12.3″ Display,45000,39618
Dell Latitude 5400 Core-i5-8th Gen 8 GB RAM 256 GB SSD  14″ Display,51781,45451
Dell Latitude 5310 Core-i7-10th Gen 8 GB RAM 256 GB SSD 13.3″ Display,79185,73622
Dell Latitude 5290 2 in 1  Core-i7-8th Gen 8 GB RAM 256 GB SSD Detachable 12.3″ Display,59999,53071
Dell Latitude 5411 Core-i5-10th Gen 16GB RAM 256GB SSD 14″ Display,94999,90935
Dell Latitude 5420 Core-i5-11th Gen 16 GB RAM 256 GB SSD 14″ Display,84999,77847
Dell Latitude 5410 Core-i7 10th Gen 16GB RAM 256GB SSD 14″ Display,84999,79436
Dell Latitude 5400 Core-i7 8th Gen 16GB RAM 256GB SSD AMD Radeon 540X Dedicated 2GB Graphics Card 14″ Display,70000,65242
Dell Latitude 5440 Core-i3 4th 8GB RAM 256GB SSD 14″ Display,39018,34810
Dell Latitude 5450 Core-i5-5th Gen 8GB RAM 256GB SSD 14″ Display,36048,31594
Dell Latitude 5450 Core-i5-5th Gen 8GB RAM 256GB SSD Nvidia GeForce 830m 2GB Graphics Card 14″ Display,38000,33550
Dell Latitude 5440 Core-i5-4th Gen 8 GB RAM 256 GB SSD 14″ Display,34972,31962
Dell latitude 5480 Core-i7-6th Gen 8GB RAM 256GB SSD Nvidia GeForce 930M 2GB Graphics Card 14″ Display,45000,38766
Dell Latitude 5480 Core-i5-7th Gen 8 GB RAM 256 GB SSD 14″ Display,42000,35960
Dell Latitude 5450 Core-i7-5th Gen 8 GB RAM 256 GB SSD 2GB  GEFORCE GRAPHICS CARD 840M 14″ Display,50051,45771
Dell Latitude 5501 (H) Core-i5-9th Gen 16GB RAM 256GB SSD 15.6″ Display,81265,73817
Dell Latitude 5500 Core-i5-8th Gen 8 GB RAM 256 GB SSD 15.6″ Display,58000,51488
DELL Latitude 5491 Core-i7-8th Gen 8GB RAM 256GB SSD Nvidia GeForce MX130 2GB Graphics Card 14″ Display,79576,77255
Dell Latitude 5491 Core-i5-8th (H) Gen 8 GB RAM 256 GB SSD 14″ Display,59912,57371
Dell Latitude 5490 Core-i5-8th Gen 8GB RAM 256GB SSD NVIDIA GeForce MX130 2GB Graphics Card 14″ Display,62422,58424
Dell Latitude 5540 Core-i5-1340P 16GB RAM 512GB SSD 15.6″ Display,201105,194570
Dell Latitude 5520 Core-i5 11th Gen 16GB RAM 256GB SSD 15.6″ Display,112412,106328
Dell Latitude 5580 Core-i5-7th Gen 8 GB RAM 256 GB SSD 15.6″ Display,48000,44231
Dell Latitude 6520 Core-i5-2nd Gen 8GB RAM 128GB SSD 15.6″ Display,28402,23365
Dell Latitude 6440 Core-i5-4th Gen 4GB RAM 250GB HDD 14″ Display,33038,25476
Dell Latitude 6530 Core-i7-3rd Gen 4GB RAM 250GB HDD 15.6″ Display,34572,30835
Dell Latitude 6420 Core-i7-2nd Gen 4GB RAM 500GB HDD NVIDIA® NUS™ 4200M 1GB Graphics Card 14″ Display,28050,22346
Dell Latitude 7280 Core-i5-6th Gen 8 GB RAM 256 GB SSD 12.5″ Display,34574,30132
Dell Latitude 7250 Core-i7-5th Gen 8 GB RAM 256 GB SSD 12.5″ Display,32999,29864
Dell Latitude 7240 Core-i5-4th Gen 4GB RAM 128GB SSD 12.5″ Display,24999,22923
Dell Latitude 7290 Core-i5-8th Gen 8 GB RAM 256 GB SSD 12.5″ Display,48409,44758
Dell Latitude 7410  Core-i7-10th Gen 16 GB RAM 256 GB SSD 14″ Display,84999,82343
Dell Latitude 7390 2-in-1 Core-i5-8th Gen 8GB RAM 256 GB SSD 13.3″ Touchscreen Display,57589,50137
Dell Latitude 7440 Core-i3-4th Gen 4GB RAM 128GB SSD 14″ Display,27297,22063
Dell Latitude 7420 Core-i5-11th Gen 16 GB RAM 256 GB SSD Touchscreen 14″ Display,98000,90001
Dell Latitude 7420 Core-i7-11th Gen 16 GB RAM 256 GB SSD 14″ Display,117470,111223
Dell Latitude 7420 Core-i5-11th Gen 16 GB RAM 256 GB SSD 14″ Display,94999,88737
Dell Latitude E5250 Core-i5-5th Gen 8GB RAM 256GB SSD 12.5″ Display,29999,22156
Dell Latitude 7490 Core-i5-7th Gen 8 GB RAM 256 GB SSD 14″ Display,45000,37255
Dell Latitude 7480 Core-i5-7th Gen 8 GB RAM 256 GB SSD 14″ Display,51262,47369
Dell Latitude 7480 Core-i7 6th Gen 8GB RAM 256GB SSD  14″ Display,51393,48765
Dell Latitude 7470 Core-i7 6th Gen 8 GB RAM 256 GB SSD 14″ Display,46417,42457
Dell Latitude E6220 Core-i5-2nd 4GB RAM 250GB HDD 12.5″ Display,24054,17850
Dell Latitude E5550 Core-i7 5th Gen 8GB RAM 256GB SSD 15.5″ Display,41999,35249
Dell Latitude E5470 Core-i3-6th Gen 4GB RAM 128GB SSD 14″ Display,26000,23532
Dell Latitude E5450 Core-i7-5th Gen 8 GB RAM 256 GB SSD 14″ Display,42009,37501
Dell Latitude E7440 Core-i5-4th Gen 8GB RAM 128GB SSD 14″ Display,36806,29764
Dell Latitude E7440 Core-i5-4th Gen 4GB RAM 128GB SSD Touchscreen 14″ Display,29999,26978
Dell Latitude E6520 Core-i7-2nd Gen 4GB Ram 500GB HDD 15.6″ Display,25000,18734
Dell Precision 3550  Core-i5-10th Gen 16 GB RAM 256 GB SSD 15.6″ Display,94999,90040
Dell Precision 3530 Core-i5-8th Gen 16 GB RAM 512 GB SSD 4 GB QUADRO P600 15.6″ Display,107193,105078
Dell Precision 3520 Mobile Workstation Core-i5-6th Gen 8GB RAM 256GB SSD NVidia Quadro M620M 2GB Dedicated Graphics Card 15.6″ Display,49792,45958
Dell Precision 5510 Core-i5-6th Gen 8 GB RAM 256 GB SSD 2 GB Graphics Card 15.6″ Display,80000,76554
Dell Precision 3571 Core-i7-12th Gen 32GB RAM 256GB SSD 4GB NVIDIA RTX A1000 Dedicated Graphics Card 15.6″ Display,219999,215923
Dell Precision 5550 Xeon W-10855M 64 GB RAM 1 TB SSD NVIDIA RTX A2000 4 GB Card 15.6″ Touch 4K Display,253290,247932
Dell Precision 7510 Core-i7-6th Gen (HQ) 16 GB RAM 256 GB SSD  2GB NVIDIA M1000M 15.6″ Display,70867,63158
Dell Precision 5540 Core-i7 9th Gen 32GB RAM 1TB Nvme SSD 4GB NVidia Quadro T1000 Graphic Card 15.6″ Display,145000,139297
Dell Precision 5530 Mobile Workstation Core-i5-8th Gen 16 GB RAM 512 GB SSD NVIDIA QUADRO P1000 4 GB CARD Touch 4K 15.6″ Display,119821,113193
Dell Precision 5550 Core-i9-10th Gen 16GB RAM 512GB SSD 4GB Nvidia Quadro T2000 Graphics Card 15.6″  Display,199999,195437
Dell Precision 7550 Core-i9-10th GEN 32 GB RAM 512 GB SSD NVIDIA T2000 4 GB CARD 15.6″ Display,200000,193991
Dell Precision 7530 Core-i7-8th Gen 16GB RAM 512GB SSD Nvidia Quadro P3200 6GB Graphics Card 15.6″ Display,130000,122450
Dell Precision 7510 Intel Xeon 16 GB RAM 256 GB SSD 4GB NVIDIA QUADRO M2000M Graphics Card 15.6″ Display,80000,72632
Dell Precision 7520 Core-i5-7th Gen 16GB RAM 256GB SSD AMD Radeon Pro WX130 2GB Graphics Card 15.6″ Display,60000,54239
Dell Precision 7670 Core-i9-12th Gen 128GB RAM 1TB SSD NVIDIA® RTX A5500 16GB Card 16″  Display,500000,494582
Dell Precision 7670 Core-i7-12th Gen 64GB RAM 2TB SSD 16 GB Nvidia RTX 3080ti 16″ Display,419999,414039
Dell Precision 7710 Intel Xeon-1535M 16 GB RAM 256 GB SSD 8GB NVIDIA Quadro M5000M Graphics Card 17.3″ Display,103333,98449
Dell Precision 7570 laptop Core-i7-11th GEN 16 GB RAM 512 GB SSD NVIDIA QUADRO T1200 4 GB CARD 15.6″ Display,210000,207347
Dell Precision 7560 Xeon W-11955M 11th Gen 64GB RAM 512SSD NVIDIA RTX A4000 8GB Graphics Card 15.6″ Display,308844,301561
Dell Precision 7560 Core-i9-11th Gen 16 GB RAM 256 GB SSD NVIDIA T1200 4GB Graphics Card 15.6″ Display,197572,190326
Dell Precision 7560 Core-i7-11th Gen (H) 16 GB RAM 256 GB SSD 4 GB NVIDIA Graphics Card T1200 15.6″ Display,227498,224845
Dell Precision 7750 Core-i7-10th GEN 16 GB RAM 1 TB SSD NVIDIA® Quadro® RTX 4000 8GB Card 17.3″ Display,234304,230040
Dell Precision 7740 Xeon E2286M 64GB RAM 1TB SSD 16GB Nvidia RTX 5000 Graphics Card 17″ Display,257940,254235
Dell Precision 7710 Workstation Core-i7-6th Gen 16GB RAM 256GB SSD AMD FirePro W7170M 4GB Graphics Card 17.3″ Display,84942,80389
Dell Precision 7710 Mobile Workstation Core-i7-6th Gen 16 GB RAM 256 GB SSD NVIDIA QUADRO M5000M 8 GB DEDICATED GRAPHICS CARD 17.3″ Display,102368,96050
Dell Precision 7760 Core-i5-11th Gen 16GB RAM 512GB SSD 6GB NVIDIA RTX A3000 Graphics Card 17.3″ Display,189999,183566
Dell Precision 7750 Xeon W-10855M 64GB RAM 2 TBSSD NVMe NVIDIA RTX Quadro 4000 8GB Card 17.3″  Display,280664,275097
Dell Precision M4700 Intel Core-i7-3rd Gen 8 GB RAM 256 GB SSD Nvidia Quadro K1000 2GB Graphics Card 15.6″ Display,30000,27707
Dell Precision 7770 Core-i7-10th Gen 16GB RAM 512GB SSD 17.3″ Display,147913,142362
Dell XPS 15 9500 Comet Lake Core-i7-10th Gen 16GB RAM DDR4 512GB SSD NVMe Nvidia GeForce GTX 1650ti 4GB dedicated graphics Card 15.6″ Display,182029,177214
Dell Precision 7770 Workstation Core-i7-12th Gen 16GB RAM 512GB SSD 17.3″ Display,229999,226059
DELL XPS 13-L321x Core-i5-2nd Gen 8GB RAM 128GB SSD 13.3″ Display,19999,16156
Dell Wyse 5470 Intel Celeron N4100  4 GB RAM 128 GB SSD 14″ Display,29550,24458
Dell XPS 9560 Core-i7-7th Gen 16GB RAM 512GB SSD 4GB Nvidia GeForce GTX 1050 Touchscreen 4K 15.6″ Display,118217,110773
Dell Vostro 15 3559 Core-i5-6th Gen 8 GB RAM 256 GB SSD 2 GB CARD AMD RAEDON R5M315 15.6″ Display,68058,60091
Dell XPS 9350 Core-i5-6th Gen 8GB RAM 256GB SSD 13.3″ Display,49690,46451
Dell XPS 15 L501X Core-i7-1st Gen 4GB RAM 320GB HDD 15.6″ Display,25479,17838
HP  EliteBook 840 G5 Core-i7-8th Gen 16GB RAM 512GB SSD 500 Radeon 2GB Graphics Card 14″ Display,100520,96826
Fujitsu LIFEBOOK E753 Core-i3-3rd Gen 4GB RAM 320GB HDD 15.6″ Display,17238,11585
Fujitsu LifeBook E756 Core-i5-6th Gen 8 GB RAM 256 GB SSD 15.6″ Display,35000,31489
Fujitsu LIFEBOOK E754  Core-i3-4th Gen 4GB RAM 320GB HDD 15.6″ Display,19999,17904
HP 14-dq1xxx Core-i5-10th Gen 16 GB RAM 256 GB SSD 14″ Display,72447,70159
HP 15S-FQ5000NIA Core-i3-12th Gen 8 GB RAM 256 GB SSD 15.6 Display,80000,72436
HP 14bx0xx  X360 Core-i5-7th Gen 8 GB RAM 256 GB SSD 14″ Touchscreen Display,64276,59275
HP 15s DU1520TU Intel Celeron N4020 8GB RAM 256GB SSD 15.6” Display,55151,50158
HP 15-bs0xx  Pentium 4 GB RAM 180 GB SSD 15.6″ Display,28857,25576
HP 16-ag0070wm Pavilion Ryzen 7 8840U 3.3GHz AMD Radeon TM Graphics 8GB RAM 512GB SSD 16 Inch WUXGA Screen Win 11 Home Meteor Silver (1 Year International Warranty),162000,158523
HP Dragonfly G4 Notebook PC Core-i7-13th Gen 32GB RAM 512GB SSD Touchscreen 13.5″ Display,526014,519809
HP EliteBook 1030 G3 x360 Core-i7-8th Gen 16GB RAM 512GB SSD Touchscreen 13.3″ Display,94094,89557
HP 17-by3053cl  Core-i5-10th Gen 12 GB RAM 1 TB HDD 17.3″ Display,95000,90851
HP EliteBook 745 G5 AMD  Ryzen 7 2700U Pro 8 GB RAM 500 GB HDD 14″ Display,76155,68355
HP EliteBook 2560P Intel® Core™ i5-2540M 2nd Gen 4GB RAM 320GB HDD 12.5″ Display,13000,10866
HP EliteBook 2570P Core-i5-3320M 3rd Gen 4GB RAM 320GB HDD 12.5″ Display,19412,15722
HP EliteBook 1040 G6 X360 Core-i7-8th Gen 16GB RAM 512GB SSD 14″ Touchscreen Display,94316,87585
HP EliteBook 1040 G4 Intel® Core™ i7-7500U 7th Gen 8GB RAM 256GB SSD 14″ Display,60000,54754
HP EliteBook 1030 G4 x360 Core-i5-8th Gen 16GB RAM 256GB SSD Touchscreen 13.3″ Display,92031,88620
HP EliteBook 745 G5 Ryzen 5 8GB RAM 256GB SSD 14″ Display,60000,55511
HP EliteBook 820 G2 Core-i7-5th Gen 8 GB RAM 256 GB SSD 12.5″ Display,42716,35646
HP EliteBook 820 G3 Core i7 6th Gen 8GB RAM 256GB SSD 12.5″ Display,47039,40982
HP EliteBook 755 G4 AMD Pro A10-8700B 8 GB RAM 256 GB SSD 15.6″ Display,50000,43502
HP EliteBook 840 G3 Core-i5-6th Gen 8 GB RAM 256 GB SSD 14″ Display,44000,40472
HP EliteBook 840 G3 Core-i5-6th Gen 8 GB RAM 128 GB SSD 500 HDD 14″ Touchscreen Display,52609,47629
HP EliteBook 840 G1 Core-i5-4th Gen 8 GB RAM 256 GB SSD 14″ Display,37350,32125
HP EliteBook 830 G6 Core-i5-8th Gen 8GB RAM 256GB SSD 13.3″ Display,70676,67091
HP EliteBook 840 G5 Core-i5-8th Gen 8 GB RAM 256 GB SSD 14″ Display,60000,56942
HP EliteBook 840 G4 Core-i7-7th Gen 8 GB RAM 256 GB SSD 14″ Display,64961,57676
HP EliteBook 840 G4 Core-i5-7th Gen 8 GB RAM 256 GB SSD 14″ Display,53114,45910
HP EliteBook 850 G3 Core-i5-6th Gen 8GB RAM  256GB SSD 15.6″ Display,49574,42686
HP EliteBook 850 G7 Core-i5-10th Gen 16GB RAM 256GB SSD 15.6″ Display,102249,99267
HP EliteBook 840 G8 Core-i5-11th Gen 16 GB RAM 256 GB SSD 14″ Display,106923,99280
HP EliteBook 850 G5 Core-i7-8th Gen 8 GB RAM 256 GB SSD 15.6″ Display,95000,91629
HP EliteBook 850 G4 Core-i7-7th Gen 8GB RAM 256GB SSD AMD Radeon R7 M465 2GB Graphics Card 15.6″ Display,72632,70025
HP EliteBook 850 G4 Core-i5-7th Gen 8GB RAM 256GB SSD 15.6″ Display,55898,49728
HP EliteBook 850 G4 Core-i5-8th Gen 8GB RAM 256GB SSD 15.6″ Display,79863,73874
HP EliteBook 850 G3 Core-i7-6th Gen 8 GB RAM 256 GB SSD 15.6″ Display,59261,56854
HP EliteBook 850 G3 Core-i7-6th Gen 8 GB RAM 256 GB SSD 1GB AMD Radeon R7 M350 Graphics Card 15.6″ Display,65000,58341
HP EliteBook 850 G7 Core-i5-10th Gen 16GB RAM 256GB SSD Touchscreen 15.6″ Display,105000,101255
HP EliteBook Folio 1040 G3 Core-i7-6th Gen 8GB RAM 256GB SSD 14″ Display,55261,48087
HP EliteBook Folio 1040 G1 Intel® Core™ i5-4310U 4th Gen 4GB RAM 128GB SSD 14″ Display,33288,27489
HP EliteBook 850 G9 Core-i5-12th Gen 16GB RAM 512GB SSD 15.6″ Display,133609,130066
HP Envy 16 H0055cl-Raptor Lake Core-i7 12700H Processor 12th Gen 32GB RAM 1TB SSD A370M Dedicated 4GB Graphics Card Touchscreen 1600p 120Hz 16″ Display (Open Box),250000,244899
HP ENVY 14 Core-i7-6th Gen (HQ) 12 GB RAM 512 GB SSD 4 GB CARD GTX 950 14″ Display,90299,88171
HP EliteBook x360 1030 G8 Core-i7-11th Gen 16GB RAM 512GB SSD 13.3″ Display,160000,156068
HP NoteBook 250 G4 Intel® Core™ i5-5200U 5th Gen 4GB RAM 500GB HDD 15.6″ Display,28000,25206
HP NoteBook 15-da2xxx Core-i7-10th Gen 8 GB RAM 256 GB SSD GeForce MX13 2 GB GRAPHICS CARD 15.6″ Display,100000,95052
HP Laptop 15-da2xxx Core-i7-10th Gen 8 GB RAM 256 GB SSD 15.6″ Display,75000,71384
HP Omen 15-en0xxx AMD Ryzen 74800H 8 GB RAM 512 GB SSD Nvidia GeForce GTX 6 GB Card 1660ti 15.6″ Display,150000,143490
HP NoteBook 255 G7 Ryzen 3 8GB RAM 256GB 15.6″ Display,52490,46307
HP Pavilion 15 DY2095wm Core-i5-11th Gen 8 GB RAM 256 GB SSD 15.6″ Display,127470,120036
HP NoteBook 250 G8 Core-i5-11th Gen 8 GB RAM 256 GB SSD 15.6″ Display,80000,76584
HP NoteBook 250 G7 Core-i5 8th Gen 8 GB RAM 256 GB SSD 15.6″ Display,59485,53194
HP Notebook 255 G7 AMD A6-9225 8 GB RAM 256 GB SSD 15.6″ Display,61729,59571
HP Pavilion 14m dh1003dx x360 2 in 1 Core-i5-10th Gen 16GB RAM 256GB SSD Touchscreen 14″ Display,87953,82625
HP Pavilion 14m-dw0013dx x360 Core-i3-10th Gen 8 GB RAM 256 GB SSD Touchscreen 14″ Display,69844,62262
HP Pavalion 15Fq5XXX Core-i3-12th Gen 8 GB RAM 256 GB SSD 15.6″ Display,85000,81322
HP Pavalion 17-by2XXX Core-i5-10th Gen 8 GB RAM 256 GB SSD 17.3″ Display,92676,89205
HP Pavilion 14 cdoxxx x360 Core-i5-8th Gen 8 GB RAM 256 GB SSD Touchscreen 14″ Display,66692,63173
HP Pavilion 17-T065us Core-i3 4th Gen 8 GB RAM 256 GB SSD 17.3″ Display,35849,28107
HP Pavilion 15CX0118TX Core-i5 8th Gen Gaming Laptop 8GB RAM 256GB SSD 4GB Nvidia GTX1050ti 15.6″ Display,125761,122022
HP ProBook 430 G1 Intel® Celeron® 2955U 4GB RAM 320GB HDD 13.3″ Display,20000,16383
HP Pavilion X360 15-ER1051CL Core i5-1235U 12th Gen 12GB DDR4 512GB SSD Intel Graphics 15.6″ FHD x360 Touchscreen Windows 11 (1 Year International Warranty),191678,185568
HP ProBook 440 G3 Core-i7-6th Gen 8 GB RAM 256 GB SSD 14″ Display,59177,55054
HP ProBook 440 G1 X360 Core-i7-8th Gen 16 GB RAM 256 GB SSD 14″ 2 GB Card MX130 GEFORCE  Touchscreen Display,96690,90967
HP ProBook 440 G5 Core-i3-8th Gen 8 GB RAM 256 GB SSD 14″ Display,45000,42032
HP ProBook 450 G1 Core-i5-4th Gen 8 GB RAM 500 GB HDD 15.6″ Display,30000,27412
HP ProBook 440 G9 Core-i7-12th Gen 16GB RAM 256GB SSD 14″ Display,135000,127733
HP ProBook 440 G9 Core-i5-12th Gen 16GB RAM 512GB SSD 14″ Display,130000,126799
HP ProBook 440 G6 Core-i7 8th Gen 8 GB RAM 256 GB SSD 14″ Display,82228,75060
HP ProBook 440 G6 Intel® Core™ i5-8265U 8th Gen 8GB RAM 256GB SSD 14″ Display,70495,62578
HP ProBook 440 G5 Core-i5-8th Gen 8 GB RAM 500 GB HDD 14″ Display,48000,41850
HP ProBook 450 G1 Core-i7-4th Gen 8 GB RAM 500 HDD 15.6″ Display,37961,34141
HP ProBook 450 G5 Core-i3-6th Gen 8 GB RAM 256 GB SSD 15.6″ Display,41331,38738
HP ProBook 450 G5 Core-i3-7th Gen 8 GB RAM 256 GB SSD 15.6″ Display,43854,38638
HP ProBook 450 G3 Core-i5-6th Gen 8 GB RAM 256 GB SSD 15.6″ Display,49678,42152
HP ProBook 450 G3 Core-i7 6th Gen 8 GB RAM 256 GB SSD 15.6″ Display,50000,47982
HP ProBook 450 G5 Core-i5-8th Gen 8 GB RAM 256 GB SSD 15.6″ Display,62646,56448
HP ProBook 455 G3 AMD A10 8700 8 GB RAM 256 GB SSD 15.6″ Display,41805,36824
HP ProBook 4520s Notebook Core-i3-1st Gen 4GB RAM 250GB HDD 15.6″ Display,20924,16795
HP ProBook 455 G2 AMD PRO A6 PRO A6-7050B 8GB RAM 256GB SSD 15.6″ Display,29999,22564
HP ProBook 450 G7 Core-i5-10th Gen 16GB RAM 256GB SSD 15.6″ Display,88012,85835
HP ProBook 450 G5 Core-i5-8th Gen 8GB RAM 256GB SSD Nvidia GeForce 930mx 2GB Graphics Card 15.6″ Display,75000,68914
HP ProBook 640 G7 Core-i7-10th Gen 16GB RAM 256GB SSD 14″ Display,99231,92083
HP ProBook 640 G8 Core-i5-11th Gen 16 GB RAM 256 GB SSD 14″ Display,98277,94061
HP ProBook 640 G2 Core-i7-6th Gen 8 GB RAM 256 GB SSD 14″ Display,42999,37486
HP ProBook 640 G3 Corei5-7th Gen 8 GB RAM 256 GB SSD 14″ Display,51153,44732
HP ProBook 640 G1 Core-i5-4th Gen 8GB RAM 256GB SSD 14″ Display,37389,33960
HP ProBook 650 G5 Core-i5-8th Gen 8 GB RAM 256 GB SSD 15.6″ Display,69627,64824
HP PROBOOK 650 G4 Core-i7-8th Gen 8GB RAM 256GB SSD 15.6″ Display,81580,77846
HP ProBook 650 G2 Core-i7-6th Gen 8 GB RAM 256 GB SSD 15.6″ Display,47999,40424
"HP VICTUS 15 fd2028wm AMD Ryzen,5,8645HS, 8GB RAM 512GB SSD B&O NVIDIA GeForce RTX 4050 6GB 15.6 FHD IPS  Display",217444,213331
HP Victus 15-FA0032DX Core-i7-12th Gen 32 GB RAM 512 GB SSD NVIDIA RTX 3050Ti 4GB GRAPHICS CARD 15.6″ Display,229876,222495
HP VICTUS 15 FA0033DX Gaming Laptop Core-i5-12th Gen 8GB RAM 512GB SSD NVIDIA GeForce RTX 3050 4GB Graphics Card 15.6″ Display (Box Pack with 1 year International Warranty),180000,172558
HP Spectre Pro X360 Core-i7-5th Gen 8GB RAM 256GB SSD Touchscreen 13.3″ Display,65015,61902
HP ProBook 655 G3 AMD A6-8530B APU 8GB RAM 256GB SSD 15.6″ Display,37554,30614
HP ProBook 655 G1 AMD A10 5750M  8 GB RAM 256 GB SSD 15.6″ Display,22000,16417
"HP Victus Gaming 16 R0024TX INTEL Core-i7-13th Gen 13700HX (16 Core) 8GB RAM 1TB SSD 165Hz Micro-Edge Display B&O 1-Zone RGB BKB TPM W10 Pro Eng-KB (Performance Blue, Open Box) 8-GB NVIDIA GeForce RTX4070 GDDR6 GC  16.1″ Full HD 1080p IPS Display",337000,334829
HP Victus Gaming Laptop 15-fa0xxx Core-i7-12th Gen 16 GB RAM 512 GB SSD NVIDIA RTX 3050Ti 4GB Graphics Card 15.6″ Display,226183,218949
HP Zbook 15 G5 Core-i7-8th Gen 32 GB RAM 512 GB SSD NVIDIA Quadro P1000 GDDR5 4GB 15.6″ Display,146918,142127
HP Zbook 17 G2 Core-i5-4th Gen 4 GB RAM 500 GB SSD 2 GB NVIDIA Quadro K1100M 17.3″ Display,54362,52082
HP Zbook 15U G5 Core-i7-8th Gen 16GB RAM 512GB SSD AMD Radeon Pro WX 3200 4GB Graphics Card 15.6″ 4K Display,130000,126598
HP Zbook 15U G2 Core-i7-5th Gen 8 GB RAM 256 GB SSD 1 GB CARD AMD READON R7 15.6″ Display,67449,61318
HP Zbook 15 Workstation Core-i5-4th Gen 8GB RAM 256GB SSD 15.6″ Display,47999,42985
HP Zbook 15 G7 Fury Core-i7-10th Gen 16 GB RAM 512 GB SSD NVIDIA Quadro T2000 4GB Card 15.6″ Display,187575,181370
HP ZBook Fury 15 G7 Mobile Workstation Core-i9-10th Gen 32GB RAM 1TB SSD 6-GB NVIDIA Quadro RTX3000 GDDR6 GC 15.6″ Display,227262,222535
HP ZBook FireFly 15 G8 Core-i7-11th Gen 16GB RAM 512GB SSD 15.6″ Display,145000,139894
HP Zbook 17 G3 Core-i7-6th Gen 16 GB RAM 256 GB SSD 2GB NVIDIA Quadro M1000M Graphics Card 17.3″ Display,82752,78673
Lenovo Flex 2 15 Core-i7 4th Gen 8 GB RAM 256 GB SSD Touchscreen 15.6″ Display,52597,48425
HP ZBook Studio G7 Mobile Workstation Core-i7-10th Gen 16 GB RAM 512 GB SSD NVIDIA Quadro T1000 4 GB CARD 15.6″ Display,178102,175080
Lenovo L380 Yoga X360 Core-i5-8th Gen 8 GB RAM 256 GB SSD Touchscreen 13.3″ Display,76669,73059
Lenovo IdeaPad U310 Core-i5-3rd Gen 4GB RAM 320GB HDD 13.3″ Display,20000,12244
Lenovo IdeaPad Z710 Laptop Core-i7-4th Gen  8 GB RAM 256 GB SSD 17.3″ Display,40481,33720
Lenovo IdeaPad Flex 3 Core-i5-6th Gen 8GB RAM 256GB SSD 15″ Display,46448,38845
Lenovo Legion Pro 5 16 Core-i7-14th Gen 14650HX 16-Core Processor 16GB RAM 1TB SSD 240Hz 500nits DolbyVision G-Sync Display 4-Zone RGB Backlit KB TPM 2.0 (Storm Grey) 8-GB NVIDIA GeForce RTX4060 GDDR6 GC  16″ WQXGA IPS AG Display,465010,460593
Lenovo ThinkPad E480 Core-i3-8th Gen 8 GB RAM 256 GB SSD 14″ Display,56794,50168
Lenovo ThinkPad E14 Core-i7-10th Gen 8GB RAM 256GB SSD 14″ Display,80000,72853
Lenovo ThinkBook 14-IIL Core-i7-10th Gen 8 GB RAM 512 GB SSD 14″ Display,109698,104276
LENOVO THINKPAD E470 Core-i3-7th Gen 8 GB RAM 256 GB SSD 14″ Display,39971,32115
Lenovo Slim 7 16IAH7 82VB0002US Core-i7-12th Gen 12700H Processor 16 GB RAM 1 TB SSD A370M 4 GB Graphics Card Storm Grey Touchscreen  16″ Display,229805,224183
"Lenovo Legion Pro 5 Gen8 AMD 16″ Ryzen7 7745HX 8C, NVIDIA GeForce RTX 4070 32GB RAM 1TB M2 NVME Gen4 SSD QHD+165Hz, IPS 16″ WUXGA Display (Brand New Without BOX)",465895,458592
Lenovo ThinkPad E490 Core-i5-8th Gen 8 GB RAM 256 GB SSD 14″ Display,50000,44883
Lenovo ThinkPad E480 Core-i5-8th Gen 8 GB RAM 256 GB SSD 14″ Display,50000,45874
Lenovo ThinkPad E570 Core-i5-7th Gen 8GB RAM 500GB HDD 15.6″ Display,47816,40096
Lenovo ThinkPad E550 Core-i5-5th Gen 8 GB RAM 256 GB SSD 15.6″ Display,47186,44567
Lenovo ThinkPad L440 Core-i7-4th Gen 8 GB RAM 256 GB SSD 14″ Display,39351,32001
Lenovo ThinkPad L440 Core-i5-4th Gen 4GB RAM 500GB HDD 14″ Display,29822,24846
Lenovo ThinkPad L380 Core-i5-8th Gen 8GB RAM 256GB SSD 13.3″ Display,46400,40467
Lenovo ThinkPad L15 Gen 1 Core-i7-10th Gen 16GB Ram 256GB SSD 15.6″ Display,97083,92832
Lenovo ThinkPad L15 Core-i7-11th Gen 16GB RAM 256GB SSD 15.6″ Display,116622,110800
Lenovo ThinkPad L13 Yoga 2-in-1 Laptop Core-i5-11th Gen 8GB RAM 512GB SSD Touchscreen 13.3″ Display,117512,114368
Lenovo ThinkPad L480 Core-i3-8th Gen 8 GB RAM 256 GB SSD 14″ Display,58458,51888
Lenovo ThinkPad L560 Core-i7-6th Gen 8 GB RAM 256 GB SSD 15.6″ Display,52740,45546
Lenovo ThinkPad L570 Core-i3-7th Gen 8GB RAM 256GB SSD 15.6″ Display,42640,38629
Lenovo ThinkPad L480 Core-i5-7th Gen 8 GB RAM 256 GB SSD 14″ Display,48381,41098
Lenovo ThinkPad P52s Mobile Workstation Core-i7-8th Gen 16GB RAM 512GB SSD NVIDIA Quadro P500 2GB CARD Touchscreen 15.6″ Display,89999,86617
Lenovo ThinkPad P50 Workstation Core-i7-6th Gen 16GB RAM 256GB SSD Nvidia Quadro M1000M 2GB Graphics Card 15.6″ Display,69104,63627
Lenovo ThinkPad L580 Core-i5-8th Gen 8GB RAM 256GB SSD 15.6″ Display,72982,66380
Lenovo ThinkPad P1 Core-i7-8th Gen 16GB RAM 512GB SSD NVIDIA Quadro P1000 4GB Graphics Card Touchscreen 4K 15.6″ Display,135000,130850
Lenovo ThinkPad P70 Core-i7-6th Gen 16 GB RAM 512 GB SSD NVIDIA QUADRO M600M 2GB GRAPHICS CARD 17.3″ Display,75961,71857
Lenovo ThinkPad t14s Core-i7-11th Gen 16 GB RAM 512 GB SSD 14″ Display,151855,148512
Lenovo ThinkPad T14 Gen 1 Core-i5-10th Gen 16 GB RAM 256 GB SSD 14″ Display,87454,80258
Lenovo ThinkPad T14 (Gen 3) AMD RYZEN 7 Pro 6850U 32 GB RAM 512 GB SSD 14″ WUXGA Display,252000,248456
Lenovo ThinkPad T14 G1 Core-i7-10th Gen 16GB RAM 256GB SSD 14″ Display,94328,87095
Lenovo ThinkPad P72 Mobile Workstation Core-i7-8th Gen 16GB RAM 512GB SSD 6GB Nvidia Quadro P3200 Graphics Card 17.3″ Display,124999,122961
Lenovo ThinkPad t460 Core-i5-6th Gen 8 GB RAM 256 GB SSD 14″ Display,35000,27542
Lenovo ThinkPad P71 Mobile Workstation Core-i7-7th Gen 16 GB RAM 512 GB SSD NVIDIA QUADRO P3000 6GB GRAPHICS CARD 17.3′ Display,114351,108972
Lenovo ThinkPad T430s  Core-i7-3rd Gen 8 GB RAM 256 GB SSD NVIDIA GeForce GTX 620m 1 GB CARD 14″ Display,32681,29100
Lenovo ThinkPad T450 Core-i5-5th Gen 8 GB RAM 256 GB SSD 14″ Display,34000,28063
Lenovo ThinkPad T440 Core-i7-4th Gen 8 GB RAM 256 GB SSD 14″ Display,42847,40703
Lenovo ThinkPad T460s Core-i7-6th Gen 8 GB RAM 256 GB SSD NVIDIA GeForce® 930M 2GB CARD 14″ Display,55565,47647
Lenovo ThinkPad t460s Core-i5-6th Gen 8 GB RAM 256 GB SSD 14″ Display,36000,30881
Lenovo ThinkPad T460s Core-i7-6th Gen 12GB RAM 256GB SSD 14″ Display,47289,41515
Lenovo ThinkPad T470s Core-i5-6th Gen 8GB RAM 256GB SSD Touchscreen 14″ Display,38000,32020
Lenovo ThinkPad T470 Core-i7-7th Gen 16 GB RAM 256 GB SSD 2GB NVIDIA GeForce 940MX Graphics Card 14″ Display,71474,64603
Lenovo ThinkPad T540P Core-i5-4th Gen 4GB RAM 500GB HDD 15.6″ Display,35611,32428
Lenovo ThinkPad T490s Core-i7-8th Gen 8GB RAM 256GB SSD 14″ Display,67857,62781
Lenovo ThinkPad T480s Core-i7-8th Gen 8GB RAM 256GB SSD 14″ Display,60000,54421
Lenovo Thinkpad T580 Core-i7-8th Gen 16GB RAM 256GB SSD 15″ Display,80923,75832
Lenovo ThinkPad T580 Core-i5-8th Gen 8GB RAM 256GB SSD 15″ Display,67178,63536
Lenovo ThinkPad T570 Core-i5-6th Gen 8GB RAM 256GB SSD 15.6″ Display,42043,37972
Lenovo ThinkPad T570 Core-i7-7th Gen 8 GB RAM 256 GB SSD 15.6″ Display,60000,53259
Lenovo ThinkPad T560 Core-i7-6th Gen 8GB RAM 256GB SSD 15.6″ Display,42000,35352
Lenovo ThinkPad T550 Core-i5-5th Gen 8GB RAM 256GB SSD 15.6″ Display,43998,36548
Lenovo ThinkPad X1 Carbon Core-i7-8th Gen 8 GB RAM 256 GB SSD 14″ Display,90000,85877
Lenovo ThinkPad X1 Carbon Core-i7-5th Gen 8GB RAM 256GB SSD 14″ Display,39485,36069
Lenovo ThinkPad X1 Carbon Core-i5-4th Gen 8GB RAM 128GB SSD 14″ Display,30000,24026
Lenovo ThinkPad X1 Carbon Core-i5-5th Gen 8GB RAM 256GB SSD 14″ Display,30000,27491
Lenovo ThinkPad X1 Carbon Core-i5-8th Gen 8 GB RAM 256 GB SSD 14″ Display,68403,64773
Lenovo ThinkPad X1 Carbon (Gen10) Core-i5-12th Gen 8 GB RAM 256 GB SSD 14″ WUXGA Display,264743,257408
Lenovo ThinkPad X270 Core-i5-6th Gen 8GB RAM 256GB SSD 12.5″ Display,39812,32389
Lenovo ThinkPad X250 Core-i7-5th Gen 8 GB RAM 256 GB SSD 12.5″ Display,30000,26332
Lenovo ThinkPad X250 Core-i5-5th Gen 4GB RAM 500GB HDD 12.5″ Display,41713,39406
Lenovo ThinkPad X230 Core-i5-3rd Gen 4GB RAM 320GB HDD 12.5″ Display,15000,10080
Lenovo ThinkPad X201 Core-i5-1st Gen 4 GB RAM 250 GB HDD 12.5″ Display,12000,6024
Lenovo ThinkPad X1 Yoga Core-i7-8th Gen 8GB RAM 256GB SSD 14″ Display,75000,67832
Lenovo ThinkPad Yoga 11e Intel Celeron QuadCore N3160 4GB RAM 128GB SSD 11.6″ Display,23843,15895
Lenovo ThinkPad X1 Yoga Core-i7-6th Gen 16GB RAM 256GB SSD 14″ Display,46000,39380
Lenovo Yoga 14 2-in-1 Core-i5-6th Gen 8GB RAM 256GB SSD NVIDIA GeForce GT 940M 2GB CARD Touchscreen 14″ Display,47553,41369
Lenovo ThinkPad Yoga 15 Core-i7-5th Gen 8GB RAM 256GB SSD 2GB GeForce 840M Graphics Card Touchscreen 15.6″ Display,54344,46551
Lenovo ThinkPad Yoga 12 Core-i5-5th Gen 8 GB RAM 256 GB SSD 12.5″ Display,35000,30607
Lenovo ThinkPad Yoga 11E x360 Core-M3-7th Gen 8 GB RAM 256 GB SSD Touchscreen 11.6″ Display,30000,24457
Microsoft Surface Pro X 10 SQ1 8 GB RAM 256 GB SSD 13.3″ Display,106259,100430
MICROSOFT SURFACE Laptop Go2 Core-i5-11th Gen 8 GB 128 GB SSD 12.4″ PixelSense Touchscreen  Display Blue Color,115000,108067
